id	title	evidence_status	scope	evidence_ref	next_action
C1	Universal Execution	PARTIAL	GLOBAL_FUTURE	laws/LAW_0001_NORDOI_MASTER_LAW.md;CONSTITUTION.md	Expand real Web/Desktop/Mobile/GPU/XR/Distributed/Embedded backends.
C2	Atomic Speed	PARTIAL	GLOBAL_FUTURE	laws/LAW_0001_NORDOI_MASTER_LAW.md;CONSTITUTION.md	Add reproducible benchmark laboratory and measured zero-cost proofs.
C3	Atomic Security	PARTIAL	GLOBAL_FUTURE	laws/LAW_0001_NORDOI_MASTER_LAW.md;CONSTITUTION.md	Extend exact capability security to future authority families without ambient privilege.
C4	Zero Legacy Debt	PARTIAL	GLOBAL_FUTURE	laws/LAW_0001_NORDOI_MASTER_LAW.md;CONSTITUTION.md	Continue language-intelligence review before every major mechanism.
C5	Impossible States First	PARTIAL	GLOBAL_FUTURE	laws/LAW_0001_NORDOI_MASTER_LAW.md;CONSTITUTION.md	Extend unrepresentable-state design to future memory, concurrency, network and resource semantics.
C6	No Work Without Effect	PARTIAL	GLOBAL_FUTURE	laws/LAW_0001_NORDOI_MASTER_LAW.md;CONSTITUTION.md	Prove zero downstream work across future subsystems.
C7	What You Do Not Use Must Cost Nothing	PARTIAL	GLOBAL_FUTURE	laws/LAW_0001_NORDOI_MASTER_LAW.md;CONSTITUTION.md	Benchmark unused-subsystem zero-cost behavior across backends.
C8	AI/SI Native, Not AI Dependent	PARTIAL	GLOBAL_FUTURE	laws/LAW_0001_NORDOI_MASTER_LAW.md;CONSTITUTION.md	Build AI/SI generation-analysis-verification tooling without runtime AI dependency.
C9	Simple Surface, Deep Engine	PARTIAL	GLOBAL_FUTURE	laws/LAW_0001_NORDOI_MASTER_LAW.md;CONSTITUTION.md	Simplify final language surface while preserving deep verified engine behavior.
C10	Canonical Semantics	CERTIFIED	GLOBAL_FUTURE	laws/LAW_0001_NORDOI_MASTER_LAW.md;CONSTITUTION.md	Preserve this certified invariant; evolve only through explicit evidence-backed governance.
C11	Declared Effects	CERTIFIED	GLOBAL_FUTURE	laws/LAW_0001_NORDOI_MASTER_LAW.md;CONSTITUTION.md	Preserve this certified invariant; evolve only through explicit evidence-backed governance.
C12	Authority Is Not Intent	CERTIFIED	GLOBAL_FUTURE	laws/LAW_0001_NORDOI_MASTER_LAW.md;CONSTITUTION.md	Preserve this certified invariant; evolve only through explicit evidence-backed governance.
C13	Least Authority	CERTIFIED	GLOBAL_FUTURE	laws/LAW_0001_NORDOI_MASTER_LAW.md;CONSTITUTION.md	Preserve this certified invariant; evolve only through explicit evidence-backed governance.
C14	Evidence Before Evolution	CERTIFIED	GLOBAL_FUTURE	laws/LAW_0001_NORDOI_MASTER_LAW.md;CONSTITUTION.md	Preserve this certified invariant; evolve only through explicit evidence-backed governance.
C15	Community Evolvable, Constitutionally Governed	PARTIAL	GLOBAL_FUTURE	laws/LAW_0001_NORDOI_MASTER_LAW.md;CONSTITUTION.md	Build community contribution/governance workflow and extension boundaries.
C16	Master Law Supremacy	CERTIFIED	GLOBAL_FUTURE	laws/LAW_0001_NORDOI_MASTER_LAW.md;CONSTITUTION.md	Preserve this certified invariant; evolve only through explicit evidence-backed governance.
C17	Verified Performance Supremacy	PARTIAL	GLOBAL_FUTURE	laws/LAW_0001_NORDOI_MASTER_LAW.md;CONSTITUTION.md	Establish reproducible cross-language/cross-platform benchmark evidence.
C18	Atomic Transactions	CERTIFIED	CERTIFIED_CURRENT_SCOPE	CONSTITUTION.md;src/transaction.rs;src/ownership.rs;tests/transactions.rs	Preserve this certified invariant; evolve only through explicit evidence-backed governance.
C19	Explicit Ownership Boundaries	CERTIFIED	CERTIFIED_CURRENT_SCOPE	CONSTITUTION.md;src/transaction.rs;src/ownership.rs;tests/transactions.rs	Preserve this certified invariant; evolve only through explicit evidence-backed governance.
C20	Testing & Release Law	CERTIFIED	CERTIFIED_CURRENT_SCOPE	CONSTITUTION.md;src/transaction.rs;src/ownership.rs;tests/transactions.rs	Preserve this certified invariant; evolve only through explicit evidence-backed governance.
C21	IR Before Surface Lock-In	CERTIFIED	CERTIFIED_CURRENT_SCOPE	CONSTITUTION.md;src/transaction.rs;src/ownership.rs;tests/transactions.rs	Preserve this certified invariant; evolve only through explicit evidence-backed governance.
C22	Validate Before Execute	CERTIFIED	CERTIFIED_CURRENT_SCOPE	CONSTITUTION.md;src/transaction.rs;src/ownership.rs;tests/transactions.rs	Preserve this certified invariant; evolve only through explicit evidence-backed governance.
C23	Safe By Omission	CERTIFIED	CERTIFIED_CURRENT_SCOPE	CONSTITUTION.md;src/transaction.rs;src/ownership.rs;tests/transactions.rs	Preserve this certified invariant; evolve only through explicit evidence-backed governance.
C24	Canonical Machine Meaning	CERTIFIED	CERTIFIED_CURRENT_SCOPE	CONSTITUTION.md;src/transaction.rs;src/ownership.rs;tests/transactions.rs	Preserve this certified invariant; evolve only through explicit evidence-backed governance.
C25	Unified Spatial Semantics	PARTIAL	GLOBAL_FUTURE	docs/RENDER_CORE_SPEC_0_1.md;docs/NAIR_RENDER_BRIDGE_SPEC_0_1.md;docs/NAIR_NATIVE_RENDER_SPEC_0_1.md	Extend unified spatial semantics from certified render foundation into concrete 2D/3D/XR execution.
C26	Minimum Render Frontier	CERTIFIED	CERTIFIED_CURRENT_SCOPE	docs/RENDER_CORE_SPEC_0_1.md;docs/NAIR_RENDER_BRIDGE_SPEC_0_1.md;docs/NAIR_NATIVE_RENDER_SPEC_0_1.md	Preserve this certified invariant; evolve only through explicit evidence-backed governance.
C27	Backend Independence	CERTIFIED	CERTIFIED_CURRENT_SCOPE	docs/RENDER_CORE_SPEC_0_1.md;docs/NAIR_RENDER_BRIDGE_SPEC_0_1.md;docs/NAIR_NATIVE_RENDER_SPEC_0_1.md	Preserve this certified invariant; evolve only through explicit evidence-backed governance.
C28	Invalid Visual State Rejection	CERTIFIED	CERTIFIED_CURRENT_SCOPE	docs/RENDER_CORE_SPEC_0_1.md;docs/NAIR_RENDER_BRIDGE_SPEC_0_1.md;docs/NAIR_NATIVE_RENDER_SPEC_0_1.md	Preserve this certified invariant; evolve only through explicit evidence-backed governance.
C29	Single Causal Frontier	CERTIFIED	CERTIFIED_CURRENT_SCOPE	docs/RENDER_CORE_SPEC_0_1.md;docs/NAIR_RENDER_BRIDGE_SPEC_0_1.md;docs/NAIR_NATIVE_RENDER_SPEC_0_1.md	Preserve this certified invariant; evolve only through explicit evidence-backed governance.
C30	Zero Render Without State Effect	CERTIFIED	CERTIFIED_CURRENT_SCOPE	docs/RENDER_CORE_SPEC_0_1.md;docs/NAIR_RENDER_BRIDGE_SPEC_0_1.md;docs/NAIR_NATIVE_RENDER_SPEC_0_1.md	Preserve this certified invariant; evolve only through explicit evidence-backed governance.
C31	Canonical Slot Binding	CERTIFIED	CERTIFIED_CURRENT_SCOPE	docs/RENDER_CORE_SPEC_0_1.md;docs/NAIR_RENDER_BRIDGE_SPEC_0_1.md;docs/NAIR_NATIVE_RENDER_SPEC_0_1.md	Preserve this certified invariant; evolve only through explicit evidence-backed governance.
C32	Native Render Meaning in NAIR	CERTIFIED	CERTIFIED_CURRENT_SCOPE	docs/RENDER_CORE_SPEC_0_1.md;docs/NAIR_RENDER_BRIDGE_SPEC_0_1.md;docs/NAIR_NATIVE_RENDER_SPEC_0_1.md	Preserve this certified invariant; evolve only through explicit evidence-backed governance.
C33	Render Slots Are Semantic Identities	CERTIFIED	CERTIFIED_CURRENT_SCOPE	docs/RENDER_CORE_SPEC_0_1.md;docs/NAIR_RENDER_BRIDGE_SPEC_0_1.md;docs/NAIR_NATIVE_RENDER_SPEC_0_1.md	Preserve this certified invariant; evolve only through explicit evidence-backed governance.
C34	Explicit Frame Boundaries	CERTIFIED	CERTIFIED_CURRENT_SCOPE	docs/RENDER_CORE_SPEC_0_1.md;docs/NAIR_RENDER_BRIDGE_SPEC_0_1.md;docs/NAIR_NATIVE_RENDER_SPEC_0_1.md	Preserve this certified invariant; evolve only through explicit evidence-backed governance.
C35	Backward-Decodable NAIR Evolution	CERTIFIED	CERTIFIED_CURRENT_SCOPE	docs/RENDER_CORE_SPEC_0_1.md;docs/NAIR_RENDER_BRIDGE_SPEC_0_1.md;docs/NAIR_NATIVE_RENDER_SPEC_0_1.md	Preserve this certified invariant; evolve only through explicit evidence-backed governance.
C36	Render Context Must Be Explicit	CERTIFIED	CERTIFIED_CURRENT_SCOPE	docs/RENDER_CORE_SPEC_0_1.md;docs/NAIR_RENDER_BRIDGE_SPEC_0_1.md;docs/NAIR_NATIVE_RENDER_SPEC_0_1.md	Preserve this certified invariant; evolve only through explicit evidence-backed governance.
C37	Unified Input Semantics	CERTIFIED	CERTIFIED_CURRENT_SCOPE	docs/INPUT_CORE_SPEC_0_1.md;docs/ATOMIC_RUNTIME_SPEC_1_0.md;docs/PERSISTENT_RUNTIME_SPEC_1_1.md	Preserve this certified invariant; evolve only through explicit evidence-backed governance.
C38	Deterministic Interaction Order	CERTIFIED	CERTIFIED_CURRENT_SCOPE	docs/INPUT_CORE_SPEC_0_1.md;docs/ATOMIC_RUNTIME_SPEC_1_0.md;docs/PERSISTENT_RUNTIME_SPEC_1_1.md	Preserve this certified invariant; evolve only through explicit evidence-backed governance.
C39	Lossless Transition Law	CERTIFIED	CERTIFIED_CURRENT_SCOPE	docs/INPUT_CORE_SPEC_0_1.md;docs/ATOMIC_RUNTIME_SPEC_1_0.md;docs/PERSISTENT_RUNTIME_SPEC_1_1.md	Preserve this certified invariant; evolve only through explicit evidence-backed governance.
C40	Safe Input Coalescing	CERTIFIED	CERTIFIED_CURRENT_SCOPE	docs/INPUT_CORE_SPEC_0_1.md;docs/ATOMIC_RUNTIME_SPEC_1_0.md;docs/PERSISTENT_RUNTIME_SPEC_1_1.md	Preserve this certified invariant; evolve only through explicit evidence-backed governance.
C41	Atomic Input-to-State Commit	CERTIFIED	CERTIFIED_CURRENT_SCOPE	docs/INPUT_CORE_SPEC_0_1.md;docs/ATOMIC_RUNTIME_SPEC_1_0.md;docs/PERSISTENT_RUNTIME_SPEC_1_1.md	Preserve this certified invariant; evolve only through explicit evidence-backed governance.
C42	Authorized Input Adapter Boundary	CERTIFIED	CERTIFIED_CURRENT_SCOPE	docs/INPUT_CORE_SPEC_0_1.md;docs/ATOMIC_RUNTIME_SPEC_1_0.md;docs/PERSISTENT_RUNTIME_SPEC_1_1.md	Preserve this certified invariant; evolve only through explicit evidence-backed governance.
C43	Zero Interaction Work Without Effect	CERTIFIED	CERTIFIED_CURRENT_SCOPE	docs/INPUT_CORE_SPEC_0_1.md;docs/ATOMIC_RUNTIME_SPEC_1_0.md;docs/PERSISTENT_RUNTIME_SPEC_1_1.md	Preserve this certified invariant; evolve only through explicit evidence-backed governance.
C44	Native Interaction Meaning in NAIR	CERTIFIED	CERTIFIED_CURRENT_SCOPE	docs/INPUT_CORE_SPEC_0_1.md;docs/ATOMIC_RUNTIME_SPEC_1_0.md;docs/PERSISTENT_RUNTIME_SPEC_1_1.md	Preserve this certified invariant; evolve only through explicit evidence-backed governance.
C45	Explicit Input Context	CERTIFIED	CERTIFIED_CURRENT_SCOPE	docs/INPUT_CORE_SPEC_0_1.md;docs/ATOMIC_RUNTIME_SPEC_1_0.md;docs/PERSISTENT_RUNTIME_SPEC_1_1.md	Preserve this certified invariant; evolve only through explicit evidence-backed governance.
C46	Input Bridge Slots Are Semantic Identities	CERTIFIED	CERTIFIED_CURRENT_SCOPE	docs/INPUT_CORE_SPEC_0_1.md;docs/ATOMIC_RUNTIME_SPEC_1_0.md;docs/PERSISTENT_RUNTIME_SPEC_1_1.md	Preserve this certified invariant; evolve only through explicit evidence-backed governance.
C47	Explicit Atomic Input Boundary	CERTIFIED	CERTIFIED_CURRENT_SCOPE	docs/INPUT_CORE_SPEC_0_1.md;docs/ATOMIC_RUNTIME_SPEC_1_0.md;docs/PERSISTENT_RUNTIME_SPEC_1_1.md	Preserve this certified invariant; evolve only through explicit evidence-backed governance.
C48	Render Targets Use Canonical Slot Identity	CERTIFIED	CERTIFIED_CURRENT_SCOPE	docs/INPUT_CORE_SPEC_0_1.md;docs/ATOMIC_RUNTIME_SPEC_1_0.md;docs/PERSISTENT_RUNTIME_SPEC_1_1.md	Preserve this certified invariant; evolve only through explicit evidence-backed governance.
C49	Interaction Policy Is Not Device Authority	CERTIFIED	CERTIFIED_CURRENT_SCOPE	docs/INPUT_CORE_SPEC_0_1.md;docs/ATOMIC_RUNTIME_SPEC_1_0.md;docs/PERSISTENT_RUNTIME_SPEC_1_1.md	Preserve this certified invariant; evolve only through explicit evidence-backed governance.
C50	Closed Runtime Activation	CERTIFIED	CERTIFIED_CURRENT_SCOPE	docs/INPUT_CORE_SPEC_0_1.md;docs/ATOMIC_RUNTIME_SPEC_1_0.md;docs/PERSISTENT_RUNTIME_SPEC_1_1.md	Preserve this certified invariant; evolve only through explicit evidence-backed governance.
C51	Canonical Input Before Runtime Execution	CERTIFIED	CERTIFIED_CURRENT_SCOPE	docs/INPUT_CORE_SPEC_0_1.md;docs/ATOMIC_RUNTIME_SPEC_1_0.md;docs/PERSISTENT_RUNTIME_SPEC_1_1.md	Preserve this certified invariant; evolve only through explicit evidence-backed governance.
C52	Quiescent Success	CERTIFIED	CERTIFIED_CURRENT_SCOPE	docs/INPUT_CORE_SPEC_0_1.md;docs/ATOMIC_RUNTIME_SPEC_1_0.md;docs/PERSISTENT_RUNTIME_SPEC_1_1.md	Preserve this certified invariant; evolve only through explicit evidence-backed governance.
C53	Error Isolation at the Closed Runtime Boundary	CERTIFIED	CERTIFIED_CURRENT_SCOPE	docs/INPUT_CORE_SPEC_0_1.md;docs/ATOMIC_RUNTIME_SPEC_1_0.md;docs/PERSISTENT_RUNTIME_SPEC_1_1.md	Preserve this certified invariant; evolve only through explicit evidence-backed governance.
C54	Deterministic Replay Identity	CERTIFIED	CERTIFIED_CURRENT_SCOPE	docs/INPUT_CORE_SPEC_0_1.md;docs/ATOMIC_RUNTIME_SPEC_1_0.md;docs/PERSISTENT_RUNTIME_SPEC_1_1.md	Preserve this certified invariant; evolve only through explicit evidence-backed governance.
C55	Replay Identity Is Not Security Authority	CERTIFIED	CERTIFIED_CURRENT_SCOPE	docs/INPUT_CORE_SPEC_0_1.md;docs/ATOMIC_RUNTIME_SPEC_1_0.md;docs/PERSISTENT_RUNTIME_SPEC_1_1.md	Preserve this certified invariant; evolve only through explicit evidence-backed governance.
C56	K1.0 Is a Semantic Kernel Milestone, Not Syntax Freeze	CERTIFIED	CERTIFIED_CURRENT_SCOPE	docs/PERSISTENT_RUNTIME_SPEC_1_1.md;tests/persistent_runtime.rs	Preserve this certified invariant; evolve only through explicit evidence-backed governance.
C57	Persistent Runtime Identity	CERTIFIED	CERTIFIED_CURRENT_SCOPE	docs/PERSISTENT_RUNTIME_SPEC_1_1.md;tests/persistent_runtime.rs	Preserve this certified invariant; evolve only through explicit evidence-backed governance.
C58	Bootstrap Once, Tick Many	CERTIFIED	CERTIFIED_CURRENT_SCOPE	docs/PERSISTENT_RUNTIME_SPEC_1_1.md;tests/persistent_runtime.rs	Preserve this certified invariant; evolve only through explicit evidence-backed governance.
C59	Cross-Tick Input Monotonicity	CERTIFIED	CERTIFIED_CURRENT_SCOPE	docs/PERSISTENT_RUNTIME_SPEC_1_1.md;tests/persistent_runtime.rs	Preserve this certified invariant; evolve only through explicit evidence-backed governance.
C60	Atomic Tick Publication	CERTIFIED	CERTIFIED_CURRENT_SCOPE	docs/PERSISTENT_RUNTIME_SPEC_1_1.md;tests/persistent_runtime.rs	Preserve this certified invariant; evolve only through explicit evidence-backed governance.
C61	Quiescent Tick Boundary	CERTIFIED	CERTIFIED_CURRENT_SCOPE	docs/PERSISTENT_RUNTIME_SPEC_1_1.md;tests/persistent_runtime.rs	Preserve this certified invariant; evolve only through explicit evidence-backed governance.
C62	No Frame Without Visual Effect	CERTIFIED	CERTIFIED_CURRENT_SCOPE	docs/PERSISTENT_RUNTIME_SPEC_1_1.md;tests/persistent_runtime.rs	Preserve this certified invariant; evolve only through explicit evidence-backed governance.
C63	Persistent Replay Preserves Tick Boundaries	CERTIFIED	CERTIFIED_CURRENT_SCOPE	docs/PERSISTENT_RUNTIME_SPEC_1_1.md;tests/persistent_runtime.rs	Preserve this certified invariant; evolve only through explicit evidence-backed governance.
C64	Persistent Runtime Does Not Imply Ambient Effects	CERTIFIED	CERTIFIED_CURRENT_SCOPE	docs/PERSISTENT_RUNTIME_SPEC_1_1.md;tests/persistent_runtime.rs	Preserve this certified invariant; evolve only through explicit evidence-backed governance.
C65	Logical Time Is Explicit Semantic Input	CERTIFIED	CERTIFIED_CURRENT_SCOPE	docs/TIME_EVENT_LOOP_SPEC_1_2.md;docs/NAIR_NATIVE_TIME_SPEC_0_1.md	Preserve this certified invariant; evolve only through explicit evidence-backed governance.
C66	Logical Time Is Monotonic	CERTIFIED	CERTIFIED_CURRENT_SCOPE	docs/TIME_EVENT_LOOP_SPEC_1_2.md;docs/NAIR_NATIVE_TIME_SPEC_0_1.md	Preserve this certified invariant; evolve only through explicit evidence-backed governance.
C67	Deterministic Timer Order	CERTIFIED	CERTIFIED_CURRENT_SCOPE	docs/TIME_EVENT_LOOP_SPEC_1_2.md;docs/NAIR_NATIVE_TIME_SPEC_0_1.md	Preserve this certified invariant; evolve only through explicit evidence-backed governance.
C68	Repeating Deadlines Are Lossless	CERTIFIED	CERTIFIED_CURRENT_SCOPE	docs/TIME_EVENT_LOOP_SPEC_1_2.md;docs/NAIR_NATIVE_TIME_SPEC_0_1.md	Preserve this certified invariant; evolve only through explicit evidence-backed governance.
C69	Timer Bursts Must Be Bounded	CERTIFIED	CERTIFIED_CURRENT_SCOPE	docs/TIME_EVENT_LOOP_SPEC_1_2.md;docs/NAIR_NATIVE_TIME_SPEC_0_1.md	Preserve this certified invariant; evolve only through explicit evidence-backed governance.
C70	Atomic Logical-Time Advance	CERTIFIED	CERTIFIED_CURRENT_SCOPE	docs/TIME_EVENT_LOOP_SPEC_1_2.md;docs/NAIR_NATIVE_TIME_SPEC_0_1.md	Preserve this certified invariant; evolve only through explicit evidence-backed governance.
C71	Atomic Event-Loop Publication	CERTIFIED	CERTIFIED_CURRENT_SCOPE	docs/TIME_EVENT_LOOP_SPEC_1_2.md;docs/NAIR_NATIVE_TIME_SPEC_0_1.md	Preserve this certified invariant; evolve only through explicit evidence-backed governance.
C72	Future Timers Are Dormant, Not Residual Work	CERTIFIED	CERTIFIED_CURRENT_SCOPE	docs/TIME_EVENT_LOOP_SPEC_1_2.md;docs/NAIR_NATIVE_TIME_SPEC_0_1.md	Preserve this certified invariant; evolve only through explicit evidence-backed governance.
C73	Timer Scheduling Is Not Clock Authority	CERTIFIED	CERTIFIED_CURRENT_SCOPE	docs/TIME_EVENT_LOOP_SPEC_1_2.md;docs/NAIR_NATIVE_TIME_SPEC_0_1.md	Preserve this certified invariant; evolve only through explicit evidence-backed governance.
C74	Temporal Replay Preserves Accepted History	CERTIFIED	CERTIFIED_CURRENT_SCOPE	docs/TIME_EVENT_LOOP_SPEC_1_2.md;docs/NAIR_NATIVE_TIME_SPEC_0_1.md	Preserve this certified invariant; evolve only through explicit evidence-backed governance.
C75	Native Logical Time Meaning in NAIR	CERTIFIED	CERTIFIED_CURRENT_SCOPE	docs/TIME_EVENT_LOOP_SPEC_1_2.md;docs/NAIR_NATIVE_TIME_SPEC_0_1.md	Preserve this certified invariant; evolve only through explicit evidence-backed governance.
C76	Timer Declaration Is Not Clock Observation	CERTIFIED	CERTIFIED_CURRENT_SCOPE	docs/TIME_EVENT_LOOP_SPEC_1_2.md;docs/NAIR_NATIVE_TIME_SPEC_0_1.md	Preserve this certified invariant; evolve only through explicit evidence-backed governance.
C77	Timer Slots Are Single-Assignment Semantic Identities	CERTIFIED	CERTIFIED_CURRENT_SCOPE	docs/TIME_EVENT_LOOP_SPEC_1_2.md;docs/NAIR_NATIVE_TIME_SPEC_0_1.md	Preserve this certified invariant; evolve only through explicit evidence-backed governance.
C78	K1.3 Native Timers Bootstrap Once	CERTIFIED	CERTIFIED_CURRENT_SCOPE	docs/TIME_EVENT_LOOP_SPEC_1_2.md;docs/NAIR_NATIVE_TIME_SPEC_0_1.md	Preserve this certified invariant; evolve only through explicit evidence-backed governance.
C79	AtomicEventLoop Owns Logical-Time Progression	CERTIFIED	CERTIFIED_CURRENT_SCOPE	docs/TIME_EVENT_LOOP_SPEC_1_2.md;docs/NAIR_NATIVE_TIME_SPEC_0_1.md	Preserve this certified invariant; evolve only through explicit evidence-backed governance.
C80	Missing Time Context Fails Before Mutation	CERTIFIED	CERTIFIED_CURRENT_SCOPE	docs/TIME_EVENT_LOOP_SPEC_1_2.md;docs/NAIR_NATIVE_TIME_SPEC_0_1.md	Preserve this certified invariant; evolve only through explicit evidence-backed governance.
C81	NAIR Time Version Gating Is Strict	CERTIFIED	CERTIFIED_CURRENT_SCOPE	docs/TIME_EVENT_LOOP_SPEC_1_2.md;docs/NAIR_NATIVE_TIME_SPEC_0_1.md	Preserve this certified invariant; evolve only through explicit evidence-backed governance.
C82	Native Timer Declarations Affect Replay Identity	CERTIFIED	CERTIFIED_CURRENT_SCOPE	docs/TIME_EVENT_LOOP_SPEC_1_2.md;docs/NAIR_NATIVE_TIME_SPEC_0_1.md	Preserve this certified invariant; evolve only through explicit evidence-backed governance.
C83	Semantic Causes Before Reactions	CERTIFIED	CERTIFIED_CURRENT_SCOPE	docs/REACTION_ACTION_CORE_SPEC_1_0.md;docs/NAIR_NATIVE_REACTION_SPEC_0_1.md	Preserve this certified invariant; evolve only through explicit evidence-backed governance.
C84	Deterministic Reaction Order	CERTIFIED	CERTIFIED_CURRENT_SCOPE	docs/REACTION_ACTION_CORE_SPEC_1_0.md;docs/NAIR_NATIVE_REACTION_SPEC_0_1.md	Preserve this certified invariant; evolve only through explicit evidence-backed governance.
C85	Atomic Reaction-Batch Publication	CERTIFIED	CERTIFIED_CURRENT_SCOPE	docs/REACTION_ACTION_CORE_SPEC_1_0.md;docs/NAIR_NATIVE_REACTION_SPEC_0_1.md	Preserve this certified invariant; evolve only through explicit evidence-backed governance.
C86	Reaction Writes Respect Ownership	CERTIFIED	CERTIFIED_CURRENT_SCOPE	docs/REACTION_ACTION_CORE_SPEC_1_0.md;docs/NAIR_NATIVE_REACTION_SPEC_0_1.md	Preserve this certified invariant; evolve only through explicit evidence-backed governance.
C87	Reaction Effects Require Declaration And Authority	CERTIFIED	CERTIFIED_CURRENT_SCOPE	docs/REACTION_ACTION_CORE_SPEC_1_0.md;docs/NAIR_NATIVE_REACTION_SPEC_0_1.md	Preserve this certified invariant; evolve only through explicit evidence-backed governance.
C88	Effect Intent Is Not Effect Execution	CERTIFIED	CERTIFIED_CURRENT_SCOPE	docs/REACTION_ACTION_CORE_SPEC_1_0.md;docs/NAIR_NATIVE_REACTION_SPEC_0_1.md	Preserve this certified invariant; evolve only through explicit evidence-backed governance.
C89	Zero Reaction Work Without Semantic Effect	CERTIFIED	CERTIFIED_CURRENT_SCOPE	docs/REACTION_ACTION_CORE_SPEC_1_0.md;docs/NAIR_NATIVE_REACTION_SPEC_0_1.md	Preserve this certified invariant; evolve only through explicit evidence-backed governance.
C90	Reaction Semantics Before NAIR Encoding	CERTIFIED	CERTIFIED_CURRENT_SCOPE	docs/REACTION_ACTION_CORE_SPEC_1_0.md;docs/NAIR_NATIVE_REACTION_SPEC_0_1.md	Preserve this certified invariant; evolve only through explicit evidence-backed governance.
C91	Native Reactions Implement Certified Reaction Meaning	CERTIFIED	CERTIFIED_CURRENT_SCOPE	docs/REACTION_ACTION_CORE_SPEC_1_0.md;docs/NAIR_NATIVE_REACTION_SPEC_0_1.md	Preserve this certified invariant; evolve only through explicit evidence-backed governance.
C92	Reaction Slots Are Single-Assignment Semantic Identities	CERTIFIED	CERTIFIED_CURRENT_SCOPE	docs/REACTION_ACTION_CORE_SPEC_1_0.md;docs/NAIR_NATIVE_REACTION_SPEC_0_1.md	Preserve this certified invariant; evolve only through explicit evidence-backed governance.
C93	Canonical Code Declares Effects But Cannot Grant Itself Authority	CERTIFIED	CERTIFIED_CURRENT_SCOPE	docs/REACTION_ACTION_CORE_SPEC_1_0.md;docs/NAIR_NATIVE_REACTION_SPEC_0_1.md	Preserve this certified invariant; evolve only through explicit evidence-backed governance.
C94	Native Reaction Authority Is Exact And External	CERTIFIED	CERTIFIED_CURRENT_SCOPE	docs/REACTION_ACTION_CORE_SPEC_1_0.md;docs/NAIR_NATIVE_REACTION_SPEC_0_1.md	Preserve this certified invariant; evolve only through explicit evidence-backed governance.
C95	Native Reactions Bootstrap Once	CERTIFIED	CERTIFIED_CURRENT_SCOPE	docs/REACTION_ACTION_CORE_SPEC_1_0.md;docs/NAIR_NATIVE_REACTION_SPEC_0_1.md	Preserve this certified invariant; evolve only through explicit evidence-backed governance.
C96	Native Reaction Phase Order Is Deterministic	CERTIFIED	CERTIFIED_CURRENT_SCOPE	docs/REACTION_ACTION_CORE_SPEC_1_0.md;docs/NAIR_NATIVE_REACTION_SPEC_0_1.md	Preserve this certified invariant; evolve only through explicit evidence-backed governance.
C97	Reaction Failure Aborts The Whole Event-Loop Candidate	CERTIFIED	CERTIFIED_CURRENT_SCOPE	docs/REACTION_ACTION_CORE_SPEC_1_0.md;docs/NAIR_NATIVE_REACTION_SPEC_0_1.md	Preserve this certified invariant; evolve only through explicit evidence-backed governance.
C98	Missing Native Reaction Context Fails Before Mutation	CERTIFIED	CERTIFIED_CURRENT_SCOPE	docs/REACTION_ACTION_CORE_SPEC_1_0.md;docs/NAIR_NATIVE_REACTION_SPEC_0_1.md	Preserve this certified invariant; evolve only through explicit evidence-backed governance.
C99	NAIR Reaction Version Gating Is Strict	CERTIFIED	CERTIFIED_CURRENT_SCOPE	docs/REACTION_ACTION_CORE_SPEC_1_0.md;docs/NAIR_NATIVE_REACTION_SPEC_0_1.md	Preserve this certified invariant; evolve only through explicit evidence-backed governance.
C100	Native Reaction Declarations Participate In Replay Identity	CERTIFIED	CERTIFIED_CURRENT_SCOPE	docs/REACTION_ACTION_CORE_SPEC_1_0.md;docs/NAIR_NATIVE_REACTION_SPEC_0_1.md	Preserve this certified invariant; evolve only through explicit evidence-backed governance.
C101	Effect Intent Precedes External Execution	CERTIFIED	CERTIFIED_CURRENT_SCOPE	docs/EFFECT_OUTBOX_DISPATCH_SPEC_1_0.md;tests/effect_dispatch.rs	Preserve this certified invariant; evolve only through explicit evidence-backed governance.
C102	Effect Outbox Publishes With The Successful Cycle	CERTIFIED	CERTIFIED_CURRENT_SCOPE	docs/EFFECT_OUTBOX_DISPATCH_SPEC_1_0.md;tests/effect_dispatch.rs	Preserve this certified invariant; evolve only through explicit evidence-backed governance.
C103	Effect Intent Identity And Order Are Deterministic	CERTIFIED	CERTIFIED_CURRENT_SCOPE	docs/EFFECT_OUTBOX_DISPATCH_SPEC_1_0.md;tests/effect_dispatch.rs	Preserve this certified invariant; evolve only through explicit evidence-backed governance.
C104	A Queued Intent Is Not Authority	CERTIFIED	CERTIFIED_CURRENT_SCOPE	docs/EFFECT_OUTBOX_DISPATCH_SPEC_1_0.md;tests/effect_dispatch.rs	Preserve this certified invariant; evolve only through explicit evidence-backed governance.
C105	Dispatch Revalidates Current Exact Authority	CERTIFIED	CERTIFIED_CURRENT_SCOPE	docs/EFFECT_OUTBOX_DISPATCH_SPEC_1_0.md;tests/effect_dispatch.rs	Preserve this certified invariant; evolve only through explicit evidence-backed governance.
C106	External Dispatch Denies By Default	CERTIFIED	CERTIFIED_CURRENT_SCOPE	docs/EFFECT_OUTBOX_DISPATCH_SPEC_1_0.md;tests/effect_dispatch.rs	Preserve this certified invariant; evolve only through explicit evidence-backed governance.
C107	Internal Effects Shall Not Escape Through External Backends	CERTIFIED	CERTIFIED_CURRENT_SCOPE	docs/EFFECT_OUTBOX_DISPATCH_SPEC_1_0.md;tests/effect_dispatch.rs	Preserve this certified invariant; evolve only through explicit evidence-backed governance.
C108	Core Effect Backends Are Host-Injected	CERTIFIED	CERTIFIED_CURRENT_SCOPE	docs/EFFECT_OUTBOX_DISPATCH_SPEC_1_0.md;tests/effect_dispatch.rs	Preserve this certified invariant; evolve only through explicit evidence-backed governance.
C109	Failed Dispatch Preserves Pending Intent	CERTIFIED	CERTIFIED_CURRENT_SCOPE	docs/EFFECT_OUTBOX_DISPATCH_SPEC_1_0.md;tests/effect_dispatch.rs	Preserve this certified invariant; evolve only through explicit evidence-backed governance.
C110	Successful Backend Completion Precedes Local Acknowledgement	CERTIFIED	CERTIFIED_CURRENT_SCOPE	docs/EFFECT_OUTBOX_DISPATCH_SPEC_1_0.md;tests/effect_dispatch.rs	Preserve this certified invariant; evolve only through explicit evidence-backed governance.
C111	Backend Results Do Not Rewrite Deterministic Program Meaning	CERTIFIED	CERTIFIED_CURRENT_SCOPE	docs/EFFECT_OUTBOX_DISPATCH_SPEC_1_0.md;tests/effect_dispatch.rs	Preserve this certified invariant; evolve only through explicit evidence-backed governance.
C112	NORDOI Shall Not Claim Universal Exactly-Once Side Effects	CERTIFIED	CERTIFIED_CURRENT_SCOPE	docs/EFFECT_OUTBOX_DISPATCH_SPEC_1_0.md;tests/effect_dispatch.rs	Preserve this certified invariant; evolve only through explicit evidence-backed governance.
C113	Semantic Outbox Does Not Imply Crash Durability	CERTIFIED	CERTIFIED_CURRENT_SCOPE	docs/EFFECT_OUTBOX_DISPATCH_SPEC_1_0.md;tests/effect_dispatch.rs	Preserve this certified invariant; evolve only through explicit evidence-backed governance.
C114	K1.6 Does Not Increment NAIR Without New Program Semantics	CERTIFIED	CERTIFIED_CURRENT_SCOPE	docs/EFFECT_OUTBOX_DISPATCH_SPEC_1_0.md;tests/effect_dispatch.rs	Preserve this certified invariant; evolve only through explicit evidence-backed governance.
C115	Persistent Effect State Uses An Explicit Host Store	CERTIFIED	CERTIFIED_CURRENT_SCOPE	docs/EFFECT_JOURNAL_RECOVERY_SPEC_1_0.md;tests/effect_persistence.rs	Preserve this certified invariant; evolve only through explicit evidence-backed governance.
C116	Successful Store Commit Is The Persistence Contract Boundary	CERTIFIED	CERTIFIED_CURRENT_SCOPE	docs/EFFECT_JOURNAL_RECOVERY_SPEC_1_0.md;tests/effect_persistence.rs	Preserve this certified invariant; evolve only through explicit evidence-backed governance.
C117	Journal Checkpoints Are Canonical And Versioned	CERTIFIED	CERTIFIED_CURRENT_SCOPE	docs/EFFECT_JOURNAL_RECOVERY_SPEC_1_0.md;tests/effect_persistence.rs	Preserve this certified invariant; evolve only through explicit evidence-backed governance.
C118	Persisted Input Fails Closed Under Corruption Or Resource Abuse	CERTIFIED	CERTIFIED_CURRENT_SCOPE	docs/EFFECT_JOURNAL_RECOVERY_SPEC_1_0.md;tests/effect_persistence.rs	Preserve this certified invariant; evolve only through explicit evidence-backed governance.
C119	Delivery Namespace Is Host Policy, Not Ambient Randomness	CERTIFIED	CERTIFIED_CURRENT_SCOPE	docs/EFFECT_JOURNAL_RECOVERY_SPEC_1_0.md;tests/effect_persistence.rs	Preserve this certified invariant; evolve only through explicit evidence-backed governance.
C120	Retry Identity Is Stable Across Journal Recovery	CERTIFIED	CERTIFIED_CURRENT_SCOPE	docs/EFFECT_JOURNAL_RECOVERY_SPEC_1_0.md;tests/effect_persistence.rs	Preserve this certified invariant; evolve only through explicit evidence-backed governance.
C121	Stable Retry Identity Does Not Imply Universal Exactly-Once Delivery	CERTIFIED	CERTIFIED_CURRENT_SCOPE	docs/EFFECT_JOURNAL_RECOVERY_SPEC_1_0.md;tests/effect_persistence.rs	Preserve this certified invariant; evolve only through explicit evidence-backed governance.
C122	Journaled Cycle Publication Is Fail-Closed	CERTIFIED	CERTIFIED_CURRENT_SCOPE	docs/EFFECT_JOURNAL_RECOVERY_SPEC_1_0.md;tests/effect_persistence.rs	Preserve this certified invariant; evolve only through explicit evidence-backed governance.
C123	Durable Acknowledgement Is Published After Persistence	CERTIFIED	CERTIFIED_CURRENT_SCOPE	docs/EFFECT_JOURNAL_RECOVERY_SPEC_1_0.md;tests/effect_persistence.rs	Preserve this certified invariant; evolve only through explicit evidence-backed governance.
C124	Recovery Is A Bootstrap Operation	CERTIFIED	CERTIFIED_CURRENT_SCOPE	docs/EFFECT_JOURNAL_RECOVERY_SPEC_1_0.md;tests/effect_persistence.rs	Preserve this certified invariant; evolve only through explicit evidence-backed governance.
C125	Recovery State Participates In Replay; Delivery Namespace Does Not	CERTIFIED	CERTIFIED_CURRENT_SCOPE	docs/EFFECT_JOURNAL_RECOVERY_SPEC_1_0.md;tests/effect_persistence.rs	Preserve this certified invariant; evolve only through explicit evidence-backed governance.
C126	K1.7 Does Not Claim Whole-Runtime Durability	CERTIFIED	CERTIFIED_CURRENT_SCOPE	docs/EFFECT_JOURNAL_RECOVERY_SPEC_1_0.md;tests/effect_persistence.rs	Preserve this certified invariant; evolve only through explicit evidence-backed governance.
C127	Journal Backends Remain Replaceable And Non-Canonical	CERTIFIED	CERTIFIED_CURRENT_SCOPE	docs/EFFECT_JOURNAL_RECOVERY_SPEC_1_0.md;tests/effect_persistence.rs	Preserve this certified invariant; evolve only through explicit evidence-backed governance.
C128	K1.7 Does Not Increment NAIR Without New Program Semantics	CERTIFIED	CERTIFIED_CURRENT_SCOPE	docs/EFFECT_JOURNAL_RECOVERY_SPEC_1_0.md;tests/effect_persistence.rs	Preserve this certified invariant; evolve only through explicit evidence-backed governance.
C129	Recovered Effect Journals Require Explicit Writer Identity	CERTIFIED	CERTIFIED_CURRENT_SCOPE	docs/EFFECT_FENCING_PROTOCOL_SPEC_1_0.md;tests/effect_fencing.rs	Preserve this certified invariant; evolve only through explicit evidence-backed governance.
C130	Fencing Epochs Are Monotonic And Non-Zero	CERTIFIED	CERTIFIED_CURRENT_SCOPE	docs/EFFECT_FENCING_PROTOCOL_SPEC_1_0.md;tests/effect_fencing.rs	Preserve this certified invariant; evolve only through explicit evidence-backed governance.
C131	Stale Writers Shall Not Mutate The Durable Journal	CERTIFIED	CERTIFIED_CURRENT_SCOPE	docs/EFFECT_FENCING_PROTOCOL_SPEC_1_0.md;tests/effect_fencing.rs	Preserve this certified invariant; evolve only through explicit evidence-backed governance.
C132	Fenced Commit Is One Atomic Host Boundary	CERTIFIED	CERTIFIED_CURRENT_SCOPE	docs/EFFECT_FENCING_PROTOCOL_SPEC_1_0.md;tests/effect_fencing.rs	Preserve this certified invariant; evolve only through explicit evidence-backed governance.
C133	Core Correctness Shall Not Depend On Ambient Lease Time	CERTIFIED	CERTIFIED_CURRENT_SCOPE	docs/EFFECT_FENCING_PROTOCOL_SPEC_1_0.md;tests/effect_fencing.rs	Preserve this certified invariant; evolve only through explicit evidence-backed governance.
C134	Stale Writers Are Checked Before External Dispatch	CERTIFIED	CERTIFIED_CURRENT_SCOPE	docs/EFFECT_FENCING_PROTOCOL_SPEC_1_0.md;tests/effect_fencing.rs	Preserve this certified invariant; evolve only through explicit evidence-backed governance.
C135	Current Fence Is Exposed To Cooperative Backends	CERTIFIED	CERTIFIED_CURRENT_SCOPE	docs/EFFECT_FENCING_PROTOCOL_SPEC_1_0.md;tests/effect_fencing.rs	Preserve this certified invariant; evolve only through explicit evidence-backed governance.
C136	Stable Delivery Identity Survives Ownership Transfer	CERTIFIED	CERTIFIED_CURRENT_SCOPE	docs/EFFECT_FENCING_PROTOCOL_SPEC_1_0.md;tests/effect_fencing.rs	Preserve this certified invariant; evolve only through explicit evidence-backed governance.
C137	Fencing Does Not Create Universal Exactly-Once Semantics	CERTIFIED	CERTIFIED_CURRENT_SCOPE	docs/EFFECT_FENCING_PROTOCOL_SPEC_1_0.md;tests/effect_fencing.rs	Preserve this certified invariant; evolve only through explicit evidence-backed governance.
C138	Fencing State Is Host Policy, Not Replay Meaning	CERTIFIED	CERTIFIED_CURRENT_SCOPE	docs/EFFECT_FENCING_PROTOCOL_SPEC_1_0.md;tests/effect_fencing.rs	Preserve this certified invariant; evolve only through explicit evidence-backed governance.
C139	Legacy Backends Remain Valid But Weaker At The Boundary	CERTIFIED	CERTIFIED_CURRENT_SCOPE	docs/EFFECT_FENCING_PROTOCOL_SPEC_1_0.md;tests/effect_fencing.rs	Preserve this certified invariant; evolve only through explicit evidence-backed governance.
C140	K1.8 Does Not Increment NAIR Without New Program Semantics	CERTIFIED	CERTIFIED_CURRENT_SCOPE	docs/EFFECT_FENCING_PROTOCOL_SPEC_1_0.md;tests/effect_fencing.rs	Preserve this certified invariant; evolve only through explicit evidence-backed governance.
C141	Retry State Is Explicit And Durable	CERTIFIED	CERTIFIED_CURRENT_SCOPE	docs/EFFECT_RETRY_DEAD_LETTER_SPEC_1_0.md;tests/effect_retry.rs	Preserve this certified invariant; evolve only through explicit evidence-backed governance.
C142	Retry Time Is Explicit Host Input, Not Ambient Time	CERTIFIED	CERTIFIED_CURRENT_SCOPE	docs/EFFECT_RETRY_DEAD_LETTER_SPEC_1_0.md;tests/effect_retry.rs	Preserve this certified invariant; evolve only through explicit evidence-backed governance.
C143	Retry Budgets Are Finite	CERTIFIED	CERTIFIED_CURRENT_SCOPE	docs/EFFECT_RETRY_DEAD_LETTER_SPEC_1_0.md;tests/effect_retry.rs	Preserve this certified invariant; evolve only through explicit evidence-backed governance.
C144	Backoff Is Deterministic And Bounded	CERTIFIED	CERTIFIED_CURRENT_SCOPE	docs/EFFECT_RETRY_DEAD_LETTER_SPEC_1_0.md;tests/effect_retry.rs	Preserve this certified invariant; evolve only through explicit evidence-backed governance.
C145	Permanent Backend Failure Shall Not Be Retried Automatically	CERTIFIED	CERTIFIED_CURRENT_SCOPE	docs/EFFECT_RETRY_DEAD_LETTER_SPEC_1_0.md;tests/effect_retry.rs	Preserve this certified invariant; evolve only through explicit evidence-backed governance.
C146	Dead-Lettering Is Quarantine, Not Silent Loss	CERTIFIED	CERTIFIED_CURRENT_SCOPE	docs/EFFECT_RETRY_DEAD_LETTER_SPEC_1_0.md;tests/effect_retry.rs	Preserve this certified invariant; evolve only through explicit evidence-backed governance.
C147	Dead-Letter Redrive Preserves Semantic Delivery Identity	CERTIFIED	CERTIFIED_CURRENT_SCOPE	docs/EFFECT_RETRY_DEAD_LETTER_SPEC_1_0.md;tests/effect_retry.rs	Preserve this certified invariant; evolve only through explicit evidence-backed governance.
C148	Retry Policy Is Part Of Durable Delivery Policy	CERTIFIED	CERTIFIED_CURRENT_SCOPE	docs/EFFECT_RETRY_DEAD_LETTER_SPEC_1_0.md;tests/effect_retry.rs	Preserve this certified invariant; evolve only through explicit evidence-backed governance.
C149	Stale Writers Shall Not Retry Or Redrive	CERTIFIED	CERTIFIED_CURRENT_SCOPE	docs/EFFECT_RETRY_DEAD_LETTER_SPEC_1_0.md;tests/effect_retry.rs	Preserve this certified invariant; evolve only through explicit evidence-backed governance.
C150	Retry Publication Follows Durable Commit	CERTIFIED	CERTIFIED_CURRENT_SCOPE	docs/EFFECT_RETRY_DEAD_LETTER_SPEC_1_0.md;tests/effect_retry.rs	Preserve this certified invariant; evolve only through explicit evidence-backed governance.
C151	Delayed Intents Shall Not Block Later Eligible Intents	CERTIFIED	CERTIFIED_CURRENT_SCOPE	docs/EFFECT_RETRY_DEAD_LETTER_SPEC_1_0.md;tests/effect_retry.rs	Preserve this certified invariant; evolve only through explicit evidence-backed governance.
C152	Policy Failures Do Not Consume Backend Retry Budget	CERTIFIED	CERTIFIED_CURRENT_SCOPE	docs/EFFECT_RETRY_DEAD_LETTER_SPEC_1_0.md;tests/effect_retry.rs	Preserve this certified invariant; evolve only through explicit evidence-backed governance.
C153	Retry Control Is Not Program Replay Meaning	CERTIFIED	CERTIFIED_CURRENT_SCOPE	docs/EFFECT_RETRY_DEAD_LETTER_SPEC_1_0.md;tests/effect_retry.rs	Preserve this certified invariant; evolve only through explicit evidence-backed governance.
C154	Retry Does Not Create Universal Exactly-Once Semantics	CERTIFIED	CERTIFIED_CURRENT_SCOPE	docs/EFFECT_RETRY_DEAD_LETTER_SPEC_1_0.md;tests/effect_retry.rs	Preserve this certified invariant; evolve only through explicit evidence-backed governance.
C155	Legacy Effect Checkpoints Migrate Fail-Closed	CERTIFIED	CERTIFIED_CURRENT_SCOPE	docs/EFFECT_RETRY_DEAD_LETTER_SPEC_1_0.md;tests/effect_retry.rs	Preserve this certified invariant; evolve only through explicit evidence-backed governance.
C156	K1.9 Does Not Increment NAIR Without New Program Semantics	CERTIFIED	CERTIFIED_CURRENT_SCOPE	docs/EFFECT_RETRY_DEAD_LETTER_SPEC_1_0.md;tests/effect_retry.rs	Preserve this certified invariant; evolve only through explicit evidence-backed governance.
C157	External Attempts Require Durable Preparation Before I/O	CERTIFIED	CERTIFIED_CURRENT_SCOPE	docs/EFFECT_ATTEMPT_AUDIT_IN_DOUBT_SPEC_1_0.md;tests/effect_audit.rs	Preserve this certified invariant; evolve only through explicit evidence-backed governance.
C158	Semantic Intent, Delivery Key, Fence And Attempt Identity Are Distinct	CERTIFIED	CERTIFIED_CURRENT_SCOPE	docs/EFFECT_ATTEMPT_AUDIT_IN_DOUBT_SPEC_1_0.md;tests/effect_audit.rs	Preserve this certified invariant; evolve only through explicit evidence-backed governance.
C159	Every Persisted Prepared Attempt Has At Most One Terminal Resolution	CERTIFIED	CERTIFIED_CURRENT_SCOPE	docs/EFFECT_ATTEMPT_AUDIT_IN_DOUBT_SPEC_1_0.md;tests/effect_audit.rs	Preserve this certified invariant; evolve only through explicit evidence-backed governance.
C160	Missing Terminal Persistence Creates In-Doubt State	CERTIFIED	CERTIFIED_CURRENT_SCOPE	docs/EFFECT_ATTEMPT_AUDIT_IN_DOUBT_SPEC_1_0.md;tests/effect_audit.rs	Preserve this certified invariant; evolve only through explicit evidence-backed governance.
C161	In-Doubt State Blocks Automatic Redispatch	CERTIFIED	CERTIFIED_CURRENT_SCOPE	docs/EFFECT_ATTEMPT_AUDIT_IN_DOUBT_SPEC_1_0.md;tests/effect_audit.rs	Preserve this certified invariant; evolve only through explicit evidence-backed governance.
C162	In-Doubt Retry Authorization Is An Explicit Duplicate-Risk Decision	CERTIFIED	CERTIFIED_CURRENT_SCOPE	docs/EFFECT_ATTEMPT_AUDIT_IN_DOUBT_SPEC_1_0.md;tests/effect_audit.rs	Preserve this certified invariant; evolve only through explicit evidence-backed governance.
C163	Assumed Delivery Requires Explicit Reconciliation Authority	CERTIFIED	CERTIFIED_CURRENT_SCOPE	docs/EFFECT_ATTEMPT_AUDIT_IN_DOUBT_SPEC_1_0.md;tests/effect_audit.rs	Preserve this certified invariant; evolve only through explicit evidence-backed governance.
C164	Audit Records Are Append-Only And Canonically Ordered	CERTIFIED	CERTIFIED_CURRENT_SCOPE	docs/EFFECT_ATTEMPT_AUDIT_IN_DOUBT_SPEC_1_0.md;tests/effect_audit.rs	Preserve this certified invariant; evolve only through explicit evidence-backed governance.
C165	Audit Records Are Hash-Chained	CERTIFIED	CERTIFIED_CURRENT_SCOPE	docs/EFFECT_ATTEMPT_AUDIT_IN_DOUBT_SPEC_1_0.md;tests/effect_audit.rs	Preserve this certified invariant; evolve only through explicit evidence-backed governance.
C166	Checkpoint Integrity Is Independently Protected	CERTIFIED	CERTIFIED_CURRENT_SCOPE	docs/EFFECT_ATTEMPT_AUDIT_IN_DOUBT_SPEC_1_0.md;tests/effect_audit.rs	Preserve this certified invariant; evolve only through explicit evidence-backed governance.
C167	Hash Chaining Is Not Writer Authentication	CERTIFIED	CERTIFIED_CURRENT_SCOPE	docs/EFFECT_ATTEMPT_AUDIT_IN_DOUBT_SPEC_1_0.md;tests/effect_audit.rs	Preserve this certified invariant; evolve only through explicit evidence-backed governance.
C168	Audit Recovery Shall Not Invent Historical Attempts	CERTIFIED	CERTIFIED_CURRENT_SCOPE	docs/EFFECT_ATTEMPT_AUDIT_IN_DOUBT_SPEC_1_0.md;tests/effect_audit.rs	Preserve this certified invariant; evolve only through explicit evidence-backed governance.
C169	Audit Publication Remains Fenced And Persistence-First	CERTIFIED	CERTIFIED_CURRENT_SCOPE	docs/EFFECT_ATTEMPT_AUDIT_IN_DOUBT_SPEC_1_0.md;tests/effect_audit.rs	Preserve this certified invariant; evolve only through explicit evidence-backed governance.
C170	Audit Metadata Is Not Program Replay Meaning	CERTIFIED	CERTIFIED_CURRENT_SCOPE	docs/EFFECT_ATTEMPT_AUDIT_IN_DOUBT_SPEC_1_0.md;tests/effect_audit.rs	Preserve this certified invariant; evolve only through explicit evidence-backed governance.
C171	Audit Storage Remains Host-Replaceable	CERTIFIED	CERTIFIED_CURRENT_SCOPE	docs/EFFECT_ATTEMPT_AUDIT_IN_DOUBT_SPEC_1_0.md;tests/effect_audit.rs	Preserve this certified invariant; evolve only through explicit evidence-backed governance.
C172	K1.10 Does Not Increment NAIR Without New Program Semantics	CERTIFIED	CERTIFIED_CURRENT_SCOPE	docs/EFFECT_ATTEMPT_AUDIT_IN_DOUBT_SPEC_1_0.md;tests/effect_audit.rs	Preserve this certified invariant; evolve only through explicit evidence-backed governance.
C173	Audit Hashing And Writer Attestation Are Distinct Layers	CERTIFIED	CERTIFIED_CURRENT_SCOPE	docs/EFFECT_AUDIT_ATTESTATION_SPEC_1_0.md;tests/effect_attestation.rs	Preserve this certified invariant; evolve only through explicit evidence-backed governance.
C174	Signing Authority Is Host-Injected	CERTIFIED	CERTIFIED_CURRENT_SCOPE	docs/EFFECT_AUDIT_ATTESTATION_SPEC_1_0.md;tests/effect_attestation.rs	Preserve this certified invariant; evolve only through explicit evidence-backed governance.
C175	Attestation Binds Exact Durable Audit State	CERTIFIED	CERTIFIED_CURRENT_SCOPE	docs/EFFECT_AUDIT_ATTESTATION_SPEC_1_0.md;tests/effect_attestation.rs	Preserve this certified invariant; evolve only through explicit evidence-backed governance.
C176	Only Durable State May Be Attested By The Governed Live Surface	CERTIFIED	CERTIFIED_CURRENT_SCOPE	docs/EFFECT_AUDIT_ATTESTATION_SPEC_1_0.md;tests/effect_attestation.rs	Preserve this certified invariant; evolve only through explicit evidence-backed governance.
C177	Trust Epoch Is Explicit And Non-Zero	CERTIFIED	CERTIFIED_CURRENT_SCOPE	docs/EFFECT_AUDIT_ATTESTATION_SPEC_1_0.md;tests/effect_attestation.rs	Preserve this certified invariant; evolve only through explicit evidence-backed governance.
C178	Trust Epoch Shall Not Move Backward	CERTIFIED	CERTIFIED_CURRENT_SCOPE	docs/EFFECT_AUDIT_ATTESTATION_SPEC_1_0.md;tests/effect_attestation.rs	Preserve this certified invariant; evolve only through explicit evidence-backed governance.
C179	Key Or Algorithm Rotation Requires Epoch Advance	CERTIFIED	CERTIFIED_CURRENT_SCOPE	docs/EFFECT_AUDIT_ATTESTATION_SPEC_1_0.md;tests/effect_attestation.rs	Preserve this certified invariant; evolve only through explicit evidence-backed governance.
C180	Writer Takeover Does Not Imply Cryptographic Rotation	CERTIFIED	CERTIFIED_CURRENT_SCOPE	docs/EFFECT_AUDIT_ATTESTATION_SPEC_1_0.md;tests/effect_attestation.rs	Preserve this certified invariant; evolve only through explicit evidence-backed governance.
C181	Attestation Anchors Are Fenced	CERTIFIED	CERTIFIED_CURRENT_SCOPE	docs/EFFECT_AUDIT_ATTESTATION_SPEC_1_0.md;tests/effect_attestation.rs	Preserve this certified invariant; evolve only through explicit evidence-backed governance.
C182	Signed Audit Progression Is Monotonic	CERTIFIED	CERTIFIED_CURRENT_SCOPE	docs/EFFECT_AUDIT_ATTESTATION_SPEC_1_0.md;tests/effect_attestation.rs	Preserve this certified invariant; evolve only through explicit evidence-backed governance.
C183	Signature Verification Fails Closed	CERTIFIED	CERTIFIED_CURRENT_SCOPE	docs/EFFECT_AUDIT_ATTESTATION_SPEC_1_0.md;tests/effect_attestation.rs	Preserve this certified invariant; evolve only through explicit evidence-backed governance.
C184	Signature Bytes Are Opaque And Bounded	CERTIFIED	CERTIFIED_CURRENT_SCOPE	docs/EFFECT_AUDIT_ATTESTATION_SPEC_1_0.md;tests/effect_attestation.rs	Preserve this certified invariant; evolve only through explicit evidence-backed governance.
C185	Attestation Storage Is Separate From The K1.10 Journal	CERTIFIED	CERTIFIED_CURRENT_SCOPE	docs/EFFECT_AUDIT_ATTESTATION_SPEC_1_0.md;tests/effect_attestation.rs	Preserve this certified invariant; evolve only through explicit evidence-backed governance.
C186	Unattested State Is Not Silently Authenticated	CERTIFIED	CERTIFIED_CURRENT_SCOPE	docs/EFFECT_AUDIT_ATTESTATION_SPEC_1_0.md;tests/effect_attestation.rs	Preserve this certified invariant; evolve only through explicit evidence-backed governance.
C187	Attestation Does Not Prove Universal Non-Repudiation	CERTIFIED	CERTIFIED_CURRENT_SCOPE	docs/EFFECT_AUDIT_ATTESTATION_SPEC_1_0.md;tests/effect_attestation.rs	Preserve this certified invariant; evolve only through explicit evidence-backed governance.
C188	Trust Metadata Is Not Program Replay Meaning	CERTIFIED	CERTIFIED_CURRENT_SCOPE	docs/EFFECT_AUDIT_ATTESTATION_SPEC_1_0.md;tests/effect_attestation.rs	Preserve this certified invariant; evolve only through explicit evidence-backed governance.
C189	Attestation Backends Remain Replaceable	CERTIFIED	CERTIFIED_CURRENT_SCOPE	docs/EFFECT_AUDIT_ATTESTATION_SPEC_1_0.md;tests/effect_attestation.rs	Preserve this certified invariant; evolve only through explicit evidence-backed governance.
C190	K1.11 Does Not Increment NAIR Without New Program Semantics	CERTIFIED	CERTIFIED_CURRENT_SCOPE	docs/EFFECT_AUDIT_ATTESTATION_SPEC_1_0.md;tests/effect_attestation.rs	Preserve this certified invariant; evolve only through explicit evidence-backed governance.
C191	External Results Re-enter Only As Governed Causes	CERTIFIED	CERTIFIED_CURRENT_SCOPE	docs/EFFECT_COMPLETION_REENTRY_SPEC_1_0.md;docs/NAIR_NATIVE_EFFECT_COMPLETION_SPEC_0_1.md;tests/effect_completion.rs	Preserve this certified invariant; evolve only through explicit evidence-backed governance.
C192	Completion Sources Have No Ambient Authority	CERTIFIED	CERTIFIED_CURRENT_SCOPE	docs/EFFECT_COMPLETION_REENTRY_SPEC_1_0.md;docs/NAIR_NATIVE_EFFECT_COMPLETION_SPEC_0_1.md;tests/effect_completion.rs	Preserve this certified invariant; evolve only through explicit evidence-backed governance.
C193	Completion Stream Identity And Delivery Identity Are Distinct	CERTIFIED	CERTIFIED_CURRENT_SCOPE	docs/EFFECT_COMPLETION_REENTRY_SPEC_1_0.md;docs/NAIR_NATIVE_EFFECT_COMPLETION_SPEC_0_1.md;tests/effect_completion.rs	Preserve this certified invariant; evolve only through explicit evidence-backed governance.
C194	Completion Requires Exact Audited Attempt Correlation	CERTIFIED	CERTIFIED_CURRENT_SCOPE	docs/EFFECT_COMPLETION_REENTRY_SPEC_1_0.md;docs/NAIR_NATIVE_EFFECT_COMPLETION_SPEC_0_1.md;tests/effect_completion.rs	Preserve this certified invariant; evolve only through explicit evidence-backed governance.
C195	Only Delivered Or Explicitly Assumed-Delivered Attempts May Complete Semantics	CERTIFIED	CERTIFIED_CURRENT_SCOPE	docs/EFFECT_COMPLETION_REENTRY_SPEC_1_0.md;docs/NAIR_NATIVE_EFFECT_COMPLETION_SPEC_0_1.md;tests/effect_completion.rs	Preserve this certified invariant; evolve only through explicit evidence-backed governance.
C196	One Delivery Key Produces At Most One Live Semantic Completion	CERTIFIED	CERTIFIED_CURRENT_SCOPE	docs/EFFECT_COMPLETION_REENTRY_SPEC_1_0.md;docs/NAIR_NATIVE_EFFECT_COMPLETION_SPEC_0_1.md;tests/effect_completion.rs	Preserve this certified invariant; evolve only through explicit evidence-backed governance.
C197	Completion Source Sequences Are Strictly Monotonic	CERTIFIED	CERTIFIED_CURRENT_SCOPE	docs/EFFECT_COMPLETION_REENTRY_SPEC_1_0.md;docs/NAIR_NATIVE_EFFECT_COMPLETION_SPEC_0_1.md;tests/effect_completion.rs	Preserve this certified invariant; evolve only through explicit evidence-backed governance.
C198	Completion Batches Are Canonically Ordered	CERTIFIED	CERTIFIED_CURRENT_SCOPE	docs/EFFECT_COMPLETION_REENTRY_SPEC_1_0.md;docs/NAIR_NATIVE_EFFECT_COMPLETION_SPEC_0_1.md;tests/effect_completion.rs	Preserve this certified invariant; evolve only through explicit evidence-backed governance.
C199	Completion Projection Is Pre-Registered Policy	CERTIFIED	CERTIFIED_CURRENT_SCOPE	docs/EFFECT_COMPLETION_REENTRY_SPEC_1_0.md;docs/NAIR_NATIVE_EFFECT_COMPLETION_SPEC_0_1.md;tests/effect_completion.rs	Preserve this certified invariant; evolve only through explicit evidence-backed governance.
C200	Completion Projection Respects Explicit Ownership	CERTIFIED	CERTIFIED_CURRENT_SCOPE	docs/EFFECT_COMPLETION_REENTRY_SPEC_1_0.md;docs/NAIR_NATIVE_EFFECT_COMPLETION_SPEC_0_1.md;tests/effect_completion.rs	Preserve this certified invariant; evolve only through explicit evidence-backed governance.
C201	Completion Writes Use Normal Atomic Transactions	CERTIFIED	CERTIFIED_CURRENT_SCOPE	docs/EFFECT_COMPLETION_REENTRY_SPEC_1_0.md;docs/NAIR_NATIVE_EFFECT_COMPLETION_SPEC_0_1.md;tests/effect_completion.rs	Preserve this certified invariant; evolve only through explicit evidence-backed governance.
C202	A Completion Batch Publishes Atomically	CERTIFIED	CERTIFIED_CURRENT_SCOPE	docs/EFFECT_COMPLETION_REENTRY_SPEC_1_0.md;docs/NAIR_NATIVE_EFFECT_COMPLETION_SPEC_0_1.md;tests/effect_completion.rs	Preserve this certified invariant; evolve only through explicit evidence-backed governance.
C203	Completion Re-entry Precedes Render Flush	CERTIFIED	CERTIFIED_CURRENT_SCOPE	docs/EFFECT_COMPLETION_REENTRY_SPEC_1_0.md;docs/NAIR_NATIVE_EFFECT_COMPLETION_SPEC_0_1.md;tests/effect_completion.rs	Preserve this certified invariant; evolve only through explicit evidence-backed governance.
C204	Accepted Completion Is Deterministic Replay Meaning	CERTIFIED	CERTIFIED_CURRENT_SCOPE	docs/EFFECT_COMPLETION_REENTRY_SPEC_1_0.md;docs/NAIR_NATIVE_EFFECT_COMPLETION_SPEC_0_1.md;tests/effect_completion.rs	Preserve this certified invariant; evolve only through explicit evidence-backed governance.
C205	Completion Payloads Are Canonical And Bounded	CERTIFIED	CERTIFIED_CURRENT_SCOPE	docs/EFFECT_COMPLETION_REENTRY_SPEC_1_0.md;docs/NAIR_NATIVE_EFFECT_COMPLETION_SPEC_0_1.md;tests/effect_completion.rs	Preserve this certified invariant; evolve only through explicit evidence-backed governance.
C206	Stale Effect-Journal Ownership Cannot Re-enter Semantics	CERTIFIED	CERTIFIED_CURRENT_SCOPE	docs/EFFECT_COMPLETION_REENTRY_SPEC_1_0.md;docs/NAIR_NATIVE_EFFECT_COMPLETION_SPEC_0_1.md;tests/effect_completion.rs	Preserve this certified invariant; evolve only through explicit evidence-backed governance.
C207	K1.12 Does Not Claim Whole-Runtime Crash Durability	CERTIFIED	CERTIFIED_CURRENT_SCOPE	docs/EFFECT_COMPLETION_REENTRY_SPEC_1_0.md;docs/NAIR_NATIVE_EFFECT_COMPLETION_SPEC_0_1.md;tests/effect_completion.rs	Preserve this certified invariant; evolve only through explicit evidence-backed governance.
C208	K1.12 Does Not Increment NAIR Before Native Completion Semantics	CERTIFIED	CERTIFIED_CURRENT_SCOPE	docs/EFFECT_COMPLETION_REENTRY_SPEC_1_0.md;docs/NAIR_NATIVE_EFFECT_COMPLETION_SPEC_0_1.md;tests/effect_completion.rs	Preserve this certified invariant; evolve only through explicit evidence-backed governance.
C209	Native Completion Declaration Is Program Meaning	CERTIFIED	CERTIFIED_CURRENT_SCOPE	docs/EFFECT_COMPLETION_REENTRY_SPEC_1_0.md;docs/NAIR_NATIVE_EFFECT_COMPLETION_SPEC_0_1.md;tests/effect_completion.rs	Preserve this certified invariant; evolve only through explicit evidence-backed governance.
C210	Native Completion Authority Is Never Serialized By The Program	CERTIFIED	CERTIFIED_CURRENT_SCOPE	docs/EFFECT_COMPLETION_REENTRY_SPEC_1_0.md;docs/NAIR_NATIVE_EFFECT_COMPLETION_SPEC_0_1.md;tests/effect_completion.rs	Preserve this certified invariant; evolve only through explicit evidence-backed governance.
C211	Completion Slots Are Single-Assignment	CERTIFIED	CERTIFIED_CURRENT_SCOPE	docs/EFFECT_COMPLETION_REENTRY_SPEC_1_0.md;docs/NAIR_NATIVE_EFFECT_COMPLETION_SPEC_0_1.md;tests/effect_completion.rs	Preserve this certified invariant; evolve only through explicit evidence-backed governance.
C212	Native Completion Projections Are Predeclared And Bounded	CERTIFIED	CERTIFIED_CURRENT_SCOPE	docs/EFFECT_COMPLETION_REENTRY_SPEC_1_0.md;docs/NAIR_NATIVE_EFFECT_COMPLETION_SPEC_0_1.md;tests/effect_completion.rs	Preserve this certified invariant; evolve only through explicit evidence-backed governance.
C213	Native Completion Bootstrap Reuses The Certified K1.12 Core	CERTIFIED	CERTIFIED_CURRENT_SCOPE	docs/EFFECT_COMPLETION_REENTRY_SPEC_1_0.md;docs/NAIR_NATIVE_EFFECT_COMPLETION_SPEC_0_1.md;tests/effect_completion.rs	Preserve this certified invariant; evolve only through explicit evidence-backed governance.
C214	Every Native Completion Slot Requires Explicit Host Binding	CERTIFIED	CERTIFIED_CURRENT_SCOPE	docs/EFFECT_COMPLETION_REENTRY_SPEC_1_0.md;docs/NAIR_NATIVE_EFFECT_COMPLETION_SPEC_0_1.md;tests/effect_completion.rs	Preserve this certified invariant; evolve only through explicit evidence-backed governance.
C215	Host Binding Is Exact To The Declared Slot	CERTIFIED	CERTIFIED_CURRENT_SCOPE	docs/EFFECT_COMPLETION_REENTRY_SPEC_1_0.md;docs/NAIR_NATIVE_EFFECT_COMPLETION_SPEC_0_1.md;tests/effect_completion.rs	Preserve this certified invariant; evolve only through explicit evidence-backed governance.
C216	Direct Executors Reject Native Completion Declarations	CERTIFIED	CERTIFIED_CURRENT_SCOPE	docs/EFFECT_COMPLETION_REENTRY_SPEC_1_0.md;docs/NAIR_NATIVE_EFFECT_COMPLETION_SPEC_0_1.md;tests/effect_completion.rs	Preserve this certified invariant; evolve only through explicit evidence-backed governance.
C217	Native Completion Ownership Is Revalidated At Bootstrap	CERTIFIED	CERTIFIED_CURRENT_SCOPE	docs/EFFECT_COMPLETION_REENTRY_SPEC_1_0.md;docs/NAIR_NATIVE_EFFECT_COMPLETION_SPEC_0_1.md;tests/effect_completion.rs	Preserve this certified invariant; evolve only through explicit evidence-backed governance.
C218	Native Binding Does Not Rewrite Canonical Program Bytes	CERTIFIED	CERTIFIED_CURRENT_SCOPE	docs/EFFECT_COMPLETION_REENTRY_SPEC_1_0.md;docs/NAIR_NATIVE_EFFECT_COMPLETION_SPEC_0_1.md;tests/effect_completion.rs	Preserve this certified invariant; evolve only through explicit evidence-backed governance.
C219	Accepted Native Completion Remains Replay Meaning	CERTIFIED	CERTIFIED_CURRENT_SCOPE	docs/EFFECT_COMPLETION_REENTRY_SPEC_1_0.md;docs/NAIR_NATIVE_EFFECT_COMPLETION_SPEC_0_1.md;tests/effect_completion.rs	Preserve this certified invariant; evolve only through explicit evidence-backed governance.
C220	NAIR 0.6 Is Backward-Decoding Compatible	CERTIFIED	CERTIFIED_CURRENT_SCOPE	docs/EFFECT_COMPLETION_REENTRY_SPEC_1_0.md;docs/NAIR_NATIVE_EFFECT_COMPLETION_SPEC_0_1.md;tests/effect_completion.rs	Preserve this certified invariant; evolve only through explicit evidence-backed governance.
C221	Completion Opcode Is Minor-Version Gated	CERTIFIED	CERTIFIED_CURRENT_SCOPE	docs/EFFECT_COMPLETION_REENTRY_SPEC_1_0.md;docs/NAIR_NATIVE_EFFECT_COMPLETION_SPEC_0_1.md;tests/effect_completion.rs	Preserve this certified invariant; evolve only through explicit evidence-backed governance.
C222	K1.13 Does Not Freeze `.noi` Surface Syntax	CERTIFIED	CERTIFIED_CURRENT_SCOPE	docs/EFFECT_COMPLETION_REENTRY_SPEC_1_0.md;docs/NAIR_NATIVE_EFFECT_COMPLETION_SPEC_0_1.md;tests/effect_completion.rs	Preserve this certified invariant; evolve only through explicit evidence-backed governance.
C223	Whole-Runtime Semantic Durability Is Explicit	CERTIFIED	CERTIFIED_CURRENT_SCOPE	docs/RUNTIME_SEMANTIC_CHECKPOINT_RECOVERY_SPEC_1_0.md;tests/runtime_checkpoint.rs	Preserve this certified invariant; evolve only through explicit evidence-backed governance.
C224	Runtime Checkpoint Binds The Exact Canonical Program	CERTIFIED	CERTIFIED_CURRENT_SCOPE	docs/RUNTIME_SEMANTIC_CHECKPOINT_RECOVERY_SPEC_1_0.md;tests/runtime_checkpoint.rs	Preserve this certified invariant; evolve only through explicit evidence-backed governance.
C225	Mutable Semantic Continuation State Is Checkpointed	CERTIFIED	CERTIFIED_CURRENT_SCOPE	docs/RUNTIME_SEMANTIC_CHECKPOINT_RECOVERY_SPEC_1_0.md;tests/runtime_checkpoint.rs	Preserve this certified invariant; evolve only through explicit evidence-backed governance.
C226	Static Program Structure And Host Authority Are Reconstructed, Not Minted	CERTIFIED	CERTIFIED_CURRENT_SCOPE	docs/RUNTIME_SEMANTIC_CHECKPOINT_RECOVERY_SPEC_1_0.md;tests/runtime_checkpoint.rs	Preserve this certified invariant; evolve only through explicit evidence-backed governance.
C227	Effect And Runtime Checkpoints Share One Fenced Publication Boundary	CERTIFIED	CERTIFIED_CURRENT_SCOPE	docs/RUNTIME_SEMANTIC_CHECKPOINT_RECOVERY_SPEC_1_0.md;tests/runtime_checkpoint.rs	Preserve this certified invariant; evolve only through explicit evidence-backed governance.
C228	Durable Commit Precedes Live Runtime Publication	CERTIFIED	CERTIFIED_CURRENT_SCOPE	docs/RUNTIME_SEMANTIC_CHECKPOINT_RECOVERY_SPEC_1_0.md;tests/runtime_checkpoint.rs	Preserve this certified invariant; evolve only through explicit evidence-backed governance.
C229	Failed Bundle Commit Publishes Zero Runtime Progress	CERTIFIED	CERTIFIED_CURRENT_SCOPE	docs/RUNTIME_SEMANTIC_CHECKPOINT_RECOVERY_SPEC_1_0.md;tests/runtime_checkpoint.rs	Preserve this certified invariant; evolve only through explicit evidence-backed governance.
C230	Whole-Runtime Recovery Is Bootstrap-Only	CERTIFIED	CERTIFIED_CURRENT_SCOPE	docs/RUNTIME_SEMANTIC_CHECKPOINT_RECOVERY_SPEC_1_0.md;tests/runtime_checkpoint.rs	Preserve this certified invariant; evolve only through explicit evidence-backed governance.
C231	Recovery Is Continuation, Not A New Replay Cause	CERTIFIED	CERTIFIED_CURRENT_SCOPE	docs/RUNTIME_SEMANTIC_CHECKPOINT_RECOVERY_SPEC_1_0.md;tests/runtime_checkpoint.rs	Preserve this certified invariant; evolve only through explicit evidence-backed governance.
C232	Later Effect Audit Progress Must Descend From The Saved Prefix	CERTIFIED	CERTIFIED_CURRENT_SCOPE	docs/RUNTIME_SEMANTIC_CHECKPOINT_RECOVERY_SPEC_1_0.md;tests/runtime_checkpoint.rs	Preserve this certified invariant; evolve only through explicit evidence-backed governance.
C233	Effect Intent Frontier Detects Non-Durable Semantic Progress	CERTIFIED	CERTIFIED_CURRENT_SCOPE	docs/RUNTIME_SEMANTIC_CHECKPOINT_RECOVERY_SPEC_1_0.md;tests/runtime_checkpoint.rs	Preserve this certified invariant; evolve only through explicit evidence-backed governance.
C234	Partial Runtime/Effect Bundles Fail Closed	CERTIFIED	CERTIFIED_CURRENT_SCOPE	docs/RUNTIME_SEMANTIC_CHECKPOINT_RECOVERY_SPEC_1_0.md;tests/runtime_checkpoint.rs	Preserve this certified invariant; evolve only through explicit evidence-backed governance.
C235	Stale Writers Cannot Publish A Runtime Bundle	CERTIFIED	CERTIFIED_CURRENT_SCOPE	docs/RUNTIME_SEMANTIC_CHECKPOINT_RECOVERY_SPEC_1_0.md;tests/runtime_checkpoint.rs	Preserve this certified invariant; evolve only through explicit evidence-backed governance.
C236	Recovered Semantic Identities And Versions Do Not Regress Behind Bootstrap	CERTIFIED	CERTIFIED_CURRENT_SCOPE	docs/RUNTIME_SEMANTIC_CHECKPOINT_RECOVERY_SPEC_1_0.md;tests/runtime_checkpoint.rs	Preserve this certified invariant; evolve only through explicit evidence-backed governance.
C237	Completion Consumption Survives Recovery	CERTIFIED	CERTIFIED_CURRENT_SCOPE	docs/RUNTIME_SEMANTIC_CHECKPOINT_RECOVERY_SPEC_1_0.md;tests/runtime_checkpoint.rs	Preserve this certified invariant; evolve only through explicit evidence-backed governance.
C238	Runtime Checkpoint Format Is Canonical, Bounded And Integrity-Protected	CERTIFIED	CERTIFIED_CURRENT_SCOPE	docs/RUNTIME_SEMANTIC_CHECKPOINT_RECOVERY_SPEC_1_0.md;tests/runtime_checkpoint.rs	Preserve this certified invariant; evolve only through explicit evidence-backed governance.
C239	Host Persistence Contract Defines Physical Durability	CERTIFIED	CERTIFIED_CURRENT_SCOPE	docs/RUNTIME_SEMANTIC_CHECKPOINT_RECOVERY_SPEC_1_0.md;tests/runtime_checkpoint.rs	Preserve this certified invariant; evolve only through explicit evidence-backed governance.
C240	Legacy Runtime APIs Do Not Gain Hidden Durability	CERTIFIED	CERTIFIED_CURRENT_SCOPE	docs/RUNTIME_SEMANTIC_CHECKPOINT_RECOVERY_SPEC_1_0.md;tests/runtime_checkpoint.rs	Preserve this certified invariant; evolve only through explicit evidence-backed governance.
C241	K1.14 Does Not Increment NAIR	CERTIFIED	CERTIFIED_CURRENT_SCOPE	docs/RUNTIME_SEMANTIC_CHECKPOINT_RECOVERY_SPEC_1_0.md;tests/runtime_checkpoint.rs	Preserve this certified invariant; evolve only through explicit evidence-backed governance.
C242	K1.14 Does Not Freeze `.noi` Surface Syntax	CERTIFIED	CERTIFIED_CURRENT_SCOPE	docs/RUNTIME_SEMANTIC_CHECKPOINT_RECOVERY_SPEC_1_0.md;tests/runtime_checkpoint.rs	Preserve this certified invariant; evolve only through explicit evidence-backed governance.
C243	Existing Runtime Bundle Requires Recovery Before Replacement	CERTIFIED	CERTIFIED_CURRENT_SCOPE	docs/RUNTIME_PROGRAM_UPGRADE_MIGRATION_SPEC_1_0.md;tests/runtime_upgrade.rs	Preserve this certified invariant; evolve only through explicit evidence-backed governance.
C244	Program Change Is A Governed Semantic Event	CERTIFIED	CERTIFIED_CURRENT_SCOPE	docs/RUNTIME_PROGRAM_UPGRADE_MIGRATION_SPEC_1_0.md;tests/runtime_upgrade.rs	Preserve this certified invariant; evolve only through explicit evidence-backed governance.
C245	K1.14 Exact-Program Recovery Remains Fail-Closed	CERTIFIED	CERTIFIED_CURRENT_SCOPE	docs/RUNTIME_PROGRAM_UPGRADE_MIGRATION_SPEC_1_0.md;tests/runtime_upgrade.rs	Preserve this certified invariant; evolve only through explicit evidence-backed governance.
C246	Upgrade Authority Is Exact To Source And Target Program Identity	CERTIFIED	CERTIFIED_CURRENT_SCOPE	docs/RUNTIME_PROGRAM_UPGRADE_MIGRATION_SPEC_1_0.md;tests/runtime_upgrade.rs	Preserve this certified invariant; evolve only through explicit evidence-backed governance.
C247	Every Source Atom Has An Explicit Disposition	CERTIFIED	CERTIFIED_CURRENT_SCOPE	docs/RUNTIME_PROGRAM_UPGRADE_MIGRATION_SPEC_1_0.md;tests/runtime_upgrade.rs	Preserve this certified invariant; evolve only through explicit evidence-backed governance.
C248	Every Target Atom Has An Explicit Origin	CERTIFIED	CERTIFIED_CURRENT_SCOPE	docs/RUNTIME_PROGRAM_UPGRADE_MIGRATION_SPEC_1_0.md;tests/runtime_upgrade.rs	Preserve this certified invariant; evolve only through explicit evidence-backed governance.
C249	K1.15 Atom Migration Is One-To-One And Deterministic	CERTIFIED	CERTIFIED_CURRENT_SCOPE	docs/RUNTIME_PROGRAM_UPGRADE_MIGRATION_SPEC_1_0.md;tests/runtime_upgrade.rs	Preserve this certified invariant; evolve only through explicit evidence-backed governance.
C250	Upgrade Plans Have Canonical Identity	CERTIFIED	CERTIFIED_CURRENT_SCOPE	docs/RUNTIME_PROGRAM_UPGRADE_MIGRATION_SPEC_1_0.md;tests/runtime_upgrade.rs	Preserve this certified invariant; evolve only through explicit evidence-backed governance.
C251	Program Epochs Advance Monotonically	CERTIFIED	CERTIFIED_CURRENT_SCOPE	docs/RUNTIME_PROGRAM_UPGRADE_MIGRATION_SPEC_1_0.md;tests/runtime_upgrade.rs	Preserve this certified invariant; evolve only through explicit evidence-backed governance.
C252	Upgrade Lineage Is Cryptographically Chained	CERTIFIED	CERTIFIED_CURRENT_SCOPE	docs/RUNTIME_PROGRAM_UPGRADE_MIGRATION_SPEC_1_0.md;tests/runtime_upgrade.rs	Preserve this certified invariant; evolve only through explicit evidence-backed governance.
C253	Upgrade Changes Replay Identity	CERTIFIED	CERTIFIED_CURRENT_SCOPE	docs/RUNTIME_PROGRAM_UPGRADE_MIGRATION_SPEC_1_0.md;tests/runtime_upgrade.rs	Preserve this certified invariant; evolve only through explicit evidence-backed governance.
C254	Recovery And Upgrade Remain Distinct	CERTIFIED	CERTIFIED_CURRENT_SCOPE	docs/RUNTIME_PROGRAM_UPGRADE_MIGRATION_SPEC_1_0.md;tests/runtime_upgrade.rs	Preserve this certified invariant; evolve only through explicit evidence-backed governance.
C255	Durable Upgrade Commit Precedes Target Publication	CERTIFIED	CERTIFIED_CURRENT_SCOPE	docs/RUNTIME_PROGRAM_UPGRADE_MIGRATION_SPEC_1_0.md;tests/runtime_upgrade.rs	Preserve this certified invariant; evolve only through explicit evidence-backed governance.
C256	Failed Upgrade Commit Preserves The Source Runtime	CERTIFIED	CERTIFIED_CURRENT_SCOPE	docs/RUNTIME_PROGRAM_UPGRADE_MIGRATION_SPEC_1_0.md;tests/runtime_upgrade.rs	Preserve this certified invariant; evolve only through explicit evidence-backed governance.
C257	External Effect Identity Does Not Reset Across Program Upgrade	CERTIFIED	CERTIFIED_CURRENT_SCOPE	docs/RUNTIME_PROGRAM_UPGRADE_MIGRATION_SPEC_1_0.md;tests/runtime_upgrade.rs	Preserve this certified invariant; evolve only through explicit evidence-backed governance.
C258	Input, Time And Completion Deduplication Frontiers Survive Upgrade	CERTIFIED	CERTIFIED_CURRENT_SCOPE	docs/RUNTIME_PROGRAM_UPGRADE_MIGRATION_SPEC_1_0.md;tests/runtime_upgrade.rs	Preserve this certified invariant; evolve only through explicit evidence-backed governance.
C259	Pending Source Timers Block K1.15 Upgrade	CERTIFIED	CERTIFIED_CURRENT_SCOPE	docs/RUNTIME_PROGRAM_UPGRADE_MIGRATION_SPEC_1_0.md;tests/runtime_upgrade.rs	Preserve this certified invariant; evolve only through explicit evidence-backed governance.
C260	Target Timers Cannot Begin In The Preserved Past	CERTIFIED	CERTIFIED_CURRENT_SCOPE	docs/RUNTIME_PROGRAM_UPGRADE_MIGRATION_SPEC_1_0.md;tests/runtime_upgrade.rs	Preserve this certified invariant; evolve only through explicit evidence-backed governance.
C261	Upgrade Authority Is Never Serialized As Program Privilege	CERTIFIED	CERTIFIED_CURRENT_SCOPE	docs/RUNTIME_PROGRAM_UPGRADE_MIGRATION_SPEC_1_0.md;tests/runtime_upgrade.rs	Preserve this certified invariant; evolve only through explicit evidence-backed governance.
C262	Certified K1.14 Runtime Checkpoints Remain Readable	CERTIFIED	CERTIFIED_CURRENT_SCOPE	docs/RUNTIME_PROGRAM_UPGRADE_MIGRATION_SPEC_1_0.md;tests/runtime_upgrade.rs	Preserve this certified invariant; evolve only through explicit evidence-backed governance.
C263	K1.15 Migration Does Not Execute Arbitrary Host Code In The Core	CERTIFIED	CERTIFIED_CURRENT_SCOPE	docs/RUNTIME_PROGRAM_UPGRADE_MIGRATION_SPEC_1_0.md;tests/runtime_upgrade.rs	Preserve this certified invariant; evolve only through explicit evidence-backed governance.
C264	K1.15 Does Not Increment NAIR	CERTIFIED	CERTIFIED_CURRENT_SCOPE	docs/RUNTIME_PROGRAM_UPGRADE_MIGRATION_SPEC_1_0.md;tests/runtime_upgrade.rs	Preserve this certified invariant; evolve only through explicit evidence-backed governance.
C265	K1.15 Does Not Freeze `.noi` Surface Syntax	CERTIFIED	CERTIFIED_CURRENT_SCOPE	docs/RUNTIME_PROGRAM_UPGRADE_MIGRATION_SPEC_1_0.md;tests/runtime_upgrade.rs	Preserve this certified invariant; evolve only through explicit evidence-backed governance.
C266	Delivery Audit Metadata Does Not Become Upgrade Replay Meaning	CERTIFIED	CERTIFIED_CURRENT_SCOPE	docs/RUNTIME_PROGRAM_UPGRADE_MIGRATION_SPEC_1_0.md;tests/runtime_upgrade.rs	Preserve this certified invariant; evolve only through explicit evidence-backed governance.
C267	Timer Migration Requires An Explicit Upgrade Protocol	CERTIFIED	CERTIFIED_CURRENT_SCOPE	docs/RUNTIME_TIMER_UPGRADE_CONTINUITY_SPEC_1_0.md;tests/runtime_timer_upgrade.rs	Preserve this certified invariant; evolve only through explicit evidence-backed governance.
C268	Every Source Native Timer Slot Has An Explicit Disposition	CERTIFIED	CERTIFIED_CURRENT_SCOPE	docs/RUNTIME_TIMER_UPGRADE_CONTINUITY_SPEC_1_0.md;tests/runtime_timer_upgrade.rs	Preserve this certified invariant; evolve only through explicit evidence-backed governance.
C269	Every Target Native Timer Slot Has An Explicit Origin	CERTIFIED	CERTIFIED_CURRENT_SCOPE	docs/RUNTIME_TIMER_UPGRADE_CONTINUITY_SPEC_1_0.md;tests/runtime_timer_upgrade.rs	Preserve this certified invariant; evolve only through explicit evidence-backed governance.
C270	Timer Continuity Preserves State But Adopts Target Identity	CERTIFIED	CERTIFIED_CURRENT_SCOPE	docs/RUNTIME_TIMER_UPGRADE_CONTINUITY_SPEC_1_0.md;tests/runtime_timer_upgrade.rs	Preserve this certified invariant; evolve only through explicit evidence-backed governance.
C271	Carried Cancellation Remains Cancellation	CERTIFIED	CERTIFIED_CURRENT_SCOPE	docs/RUNTIME_TIMER_UPGRADE_CONTINUITY_SPEC_1_0.md;tests/runtime_timer_upgrade.rs	Preserve this certified invariant; evolve only through explicit evidence-backed governance.
C272	Timer Kind And Cadence Are Not Implicitly Converted	CERTIFIED	CERTIFIED_CURRENT_SCOPE	docs/RUNTIME_TIMER_UPGRADE_CONTINUITY_SPEC_1_0.md;tests/runtime_timer_upgrade.rs	Preserve this certified invariant; evolve only through explicit evidence-backed governance.
C273	Pending Dynamic Timers Are Not Inferred Across Upgrade	CERTIFIED	CERTIFIED_CURRENT_SCOPE	docs/RUNTIME_TIMER_UPGRADE_CONTINUITY_SPEC_1_0.md;tests/runtime_timer_upgrade.rs	Preserve this certified invariant; evolve only through explicit evidence-backed governance.
C274	Target Default Timers Cannot Begin In The Preserved Past	CERTIFIED	CERTIFIED_CURRENT_SCOPE	docs/RUNTIME_TIMER_UPGRADE_CONTINUITY_SPEC_1_0.md;tests/runtime_timer_upgrade.rs	Preserve this certified invariant; evolve only through explicit evidence-backed governance.
C275	Explicit Carry May Replace An Obsolete Target Bootstrap Deadline	CERTIFIED	CERTIFIED_CURRENT_SCOPE	docs/RUNTIME_TIMER_UPGRADE_CONTINUITY_SPEC_1_0.md;tests/runtime_timer_upgrade.rs	Preserve this certified invariant; evolve only through explicit evidence-backed governance.
C276	Timer Allocation Identity Never Moves Backward Across Upgrade	CERTIFIED	CERTIFIED_CURRENT_SCOPE	docs/RUNTIME_TIMER_UPGRADE_CONTINUITY_SPEC_1_0.md;tests/runtime_timer_upgrade.rs	Preserve this certified invariant; evolve only through explicit evidence-backed governance.
C277	Timer Upgrade Plans Have Canonical Identity	CERTIFIED	CERTIFIED_CURRENT_SCOPE	docs/RUNTIME_TIMER_UPGRADE_CONTINUITY_SPEC_1_0.md;tests/runtime_timer_upgrade.rs	Preserve this certified invariant; evolve only through explicit evidence-backed governance.
C278	Atom And Timer Migration Semantics Share One Upgrade Commitment	CERTIFIED	CERTIFIED_CURRENT_SCOPE	docs/RUNTIME_TIMER_UPGRADE_CONTINUITY_SPEC_1_0.md;tests/runtime_timer_upgrade.rs	Preserve this certified invariant; evolve only through explicit evidence-backed governance.
C279	Timer Migration Changes Replay Meaning	CERTIFIED	CERTIFIED_CURRENT_SCOPE	docs/RUNTIME_TIMER_UPGRADE_CONTINUITY_SPEC_1_0.md;tests/runtime_timer_upgrade.rs	Preserve this certified invariant; evolve only through explicit evidence-backed governance.
C280	Timer-Aware Upgrade Remains Persistence-First	CERTIFIED	CERTIFIED_CURRENT_SCOPE	docs/RUNTIME_TIMER_UPGRADE_CONTINUITY_SPEC_1_0.md;tests/runtime_timer_upgrade.rs	Preserve this certified invariant; evolve only through explicit evidence-backed governance.
C281	K1.16 Preserves Runtime Checkpoint Format 1.1	CERTIFIED	CERTIFIED_CURRENT_SCOPE	docs/RUNTIME_TIMER_UPGRADE_CONTINUITY_SPEC_1_0.md;tests/runtime_timer_upgrade.rs	Preserve this certified invariant; evolve only through explicit evidence-backed governance.
C282	Timer Migration Does Not Mint Upgrade Authority	CERTIFIED	CERTIFIED_CURRENT_SCOPE	docs/RUNTIME_TIMER_UPGRADE_CONTINUITY_SPEC_1_0.md;tests/runtime_timer_upgrade.rs	Preserve this certified invariant; evolve only through explicit evidence-backed governance.
C283	K1.16 Does Not Increment NAIR	CERTIFIED	CERTIFIED_CURRENT_SCOPE	docs/RUNTIME_TIMER_UPGRADE_CONTINUITY_SPEC_1_0.md;tests/runtime_timer_upgrade.rs	Preserve this certified invariant; evolve only through explicit evidence-backed governance.
C284	K1.16 Does Not Freeze `.noi` Surface Syntax	CERTIFIED	CERTIFIED_CURRENT_SCOPE	docs/RUNTIME_TIMER_UPGRADE_CONTINUITY_SPEC_1_0.md;tests/runtime_timer_upgrade.rs	Preserve this certified invariant; evolve only through explicit evidence-backed governance.
C285	Dynamic Timer Migration Is Explicit And Additive	CERTIFIED	CERTIFIED_CURRENT_SCOPE	docs/RUNTIME_DYNAMIC_TIMER_UPGRADE_CONTINUITY_SPEC_1_0.md;tests/runtime_dynamic_timer_upgrade.rs	Preserve this certified invariant; evolve only through explicit evidence-backed governance.
C286	Every Active Dynamic Source Timer Has An Explicit Disposition	CERTIFIED	CERTIFIED_CURRENT_SCOPE	docs/RUNTIME_DYNAMIC_TIMER_UPGRADE_CONTINUITY_SPEC_1_0.md;tests/runtime_dynamic_timer_upgrade.rs	Preserve this certified invariant; evolve only through explicit evidence-backed governance.
C287	Canceled Dynamic Timers Need No Synthetic State	CERTIFIED	CERTIFIED_CURRENT_SCOPE	docs/RUNTIME_DYNAMIC_TIMER_UPGRADE_CONTINUITY_SPEC_1_0.md;tests/runtime_dynamic_timer_upgrade.rs	Preserve this certified invariant; evolve only through explicit evidence-backed governance.
C288	Raw TimerId Gains Meaning Only Inside A Governed Dynamic Plan	CERTIFIED	CERTIFIED_CURRENT_SCOPE	docs/RUNTIME_DYNAMIC_TIMER_UPGRADE_CONTINUITY_SPEC_1_0.md;tests/runtime_dynamic_timer_upgrade.rs	Preserve this certified invariant; evolve only through explicit evidence-backed governance.
C289	Dynamic Carry May Preserve Or Explicitly Remap Identity	CERTIFIED	CERTIFIED_CURRENT_SCOPE	docs/RUNTIME_DYNAMIC_TIMER_UPGRADE_CONTINUITY_SPEC_1_0.md;tests/runtime_dynamic_timer_upgrade.rs	Preserve this certified invariant; evolve only through explicit evidence-backed governance.
C290	Remapped Dynamic Timer Identity Must Be Fresh	CERTIFIED	CERTIFIED_CURRENT_SCOPE	docs/RUNTIME_DYNAMIC_TIMER_UPGRADE_CONTINUITY_SPEC_1_0.md;tests/runtime_dynamic_timer_upgrade.rs	Preserve this certified invariant; evolve only through explicit evidence-backed governance.
C291	Target Native Timer Identities Remain Reserved	CERTIFIED	CERTIFIED_CURRENT_SCOPE	docs/RUNTIME_DYNAMIC_TIMER_UPGRADE_CONTINUITY_SPEC_1_0.md;tests/runtime_dynamic_timer_upgrade.rs	Preserve this certified invariant; evolve only through explicit evidence-backed governance.
C292	Dynamic Carry Preserves Timer Progress Exactly	CERTIFIED	CERTIFIED_CURRENT_SCOPE	docs/RUNTIME_DYNAMIC_TIMER_UPGRADE_CONTINUITY_SPEC_1_0.md;tests/runtime_dynamic_timer_upgrade.rs	Preserve this certified invariant; evolve only through explicit evidence-backed governance.
C293	Dynamic Target Identity Zero And Exhaustion Fail Closed	CERTIFIED	CERTIFIED_CURRENT_SCOPE	docs/RUNTIME_DYNAMIC_TIMER_UPGRADE_CONTINUITY_SPEC_1_0.md;tests/runtime_dynamic_timer_upgrade.rs	Preserve this certified invariant; evolve only through explicit evidence-backed governance.
C294	Dynamic Timer Plans Have Canonical Identity	CERTIFIED	CERTIFIED_CURRENT_SCOPE	docs/RUNTIME_DYNAMIC_TIMER_UPGRADE_CONTINUITY_SPEC_1_0.md;tests/runtime_dynamic_timer_upgrade.rs	Preserve this certified invariant; evolve only through explicit evidence-backed governance.
C295	Full Timer Upgrade Commits Atom, Native Timer And Dynamic Timer Semantics	CERTIFIED	CERTIFIED_CURRENT_SCOPE	docs/RUNTIME_DYNAMIC_TIMER_UPGRADE_CONTINUITY_SPEC_1_0.md;tests/runtime_dynamic_timer_upgrade.rs	Preserve this certified invariant; evolve only through explicit evidence-backed governance.
C296	Dynamic Timer Mapping Changes Replay Meaning	CERTIFIED	CERTIFIED_CURRENT_SCOPE	docs/RUNTIME_DYNAMIC_TIMER_UPGRADE_CONTINUITY_SPEC_1_0.md;tests/runtime_dynamic_timer_upgrade.rs	Preserve this certified invariant; evolve only through explicit evidence-backed governance.
C297	Dynamic Timer Mapping Is Observable Upgrade Output	CERTIFIED	CERTIFIED_CURRENT_SCOPE	docs/RUNTIME_DYNAMIC_TIMER_UPGRADE_CONTINUITY_SPEC_1_0.md;tests/runtime_dynamic_timer_upgrade.rs	Preserve this certified invariant; evolve only through explicit evidence-backed governance.
C298	Dynamic Timer Upgrade Remains Persistence-First	CERTIFIED	CERTIFIED_CURRENT_SCOPE	docs/RUNTIME_DYNAMIC_TIMER_UPGRADE_CONTINUITY_SPEC_1_0.md;tests/runtime_dynamic_timer_upgrade.rs	Preserve this certified invariant; evolve only through explicit evidence-backed governance.
C299	Failed Dynamic Timer Upgrade Preserves Source State	CERTIFIED	CERTIFIED_CURRENT_SCOPE	docs/RUNTIME_DYNAMIC_TIMER_UPGRADE_CONTINUITY_SPEC_1_0.md;tests/runtime_dynamic_timer_upgrade.rs	Preserve this certified invariant; evolve only through explicit evidence-backed governance.
C300	Dynamic Timer Recovery Restores Target Identity And Progress	CERTIFIED	CERTIFIED_CURRENT_SCOPE	docs/RUNTIME_DYNAMIC_TIMER_UPGRADE_CONTINUITY_SPEC_1_0.md;tests/runtime_dynamic_timer_upgrade.rs	Preserve this certified invariant; evolve only through explicit evidence-backed governance.
C301	Timer Allocation Frontier Never Moves Backward Or Behind A Remap	CERTIFIED	CERTIFIED_CURRENT_SCOPE	docs/RUNTIME_DYNAMIC_TIMER_UPGRADE_CONTINUITY_SPEC_1_0.md;tests/runtime_dynamic_timer_upgrade.rs	Preserve this certified invariant; evolve only through explicit evidence-backed governance.
C302	K1.17 Preserves Runtime Checkpoint Format 1.1	CERTIFIED	CERTIFIED_CURRENT_SCOPE	docs/RUNTIME_DYNAMIC_TIMER_UPGRADE_CONTINUITY_SPEC_1_0.md;tests/runtime_dynamic_timer_upgrade.rs	Preserve this certified invariant; evolve only through explicit evidence-backed governance.
C303	K1.17 Does Not Increment NAIR	CERTIFIED	CERTIFIED_CURRENT_SCOPE	docs/RUNTIME_DYNAMIC_TIMER_UPGRADE_CONTINUITY_SPEC_1_0.md;tests/runtime_dynamic_timer_upgrade.rs	Preserve this certified invariant; evolve only through explicit evidence-backed governance.
C304	K1.17 Does Not Freeze `.noi` Surface Syntax	CERTIFIED	CERTIFIED_CURRENT_SCOPE	docs/RUNTIME_DYNAMIC_TIMER_UPGRADE_CONTINUITY_SPEC_1_0.md;tests/runtime_dynamic_timer_upgrade.rs	Preserve this certified invariant; evolve only through explicit evidence-backed governance.
C305	K1.18 Is A Consolidation Milestone	CERTIFIED	CERTIFIED_CURRENT_SCOPE	docs/KERNEL_SEMANTIC_STABILITY_MAP_1_0.md;tests/semantic_stability.rs	Preserve this certified invariant; evolve only through explicit evidence-backed governance.
C306	Semantic Stability Is Distinct From Rust API Stability	CERTIFIED	CERTIFIED_CURRENT_SCOPE	docs/KERNEL_SEMANTIC_STABILITY_MAP_1_0.md;tests/semantic_stability.rs	Preserve this certified invariant; evolve only through explicit evidence-backed governance.
C307	Every Classified Surface Has Independent Stability, Kind And Change Policy	CERTIFIED	CERTIFIED_CURRENT_SCOPE	docs/KERNEL_SEMANTIC_STABILITY_MAP_1_0.md;tests/semantic_stability.rs	Preserve this certified invariant; evolve only through explicit evidence-backed governance.
C308	Stable Program Semantics Require Explicit Evolution	CERTIFIED	CERTIFIED_CURRENT_SCOPE	docs/KERNEL_SEMANTIC_STABILITY_MAP_1_0.md;tests/semantic_stability.rs	Preserve this certified invariant; evolve only through explicit evidence-backed governance.
C309	Stable Does Not Mean Unversioned Forever	CERTIFIED	CERTIFIED_CURRENT_SCOPE	docs/KERNEL_SEMANTIC_STABILITY_MAP_1_0.md;tests/semantic_stability.rs	Preserve this certified invariant; evolve only through explicit evidence-backed governance.
C310	Host Authority Is Not Program Authority	CERTIFIED	CERTIFIED_CURRENT_SCOPE	docs/KERNEL_SEMANTIC_STABILITY_MAP_1_0.md;tests/semantic_stability.rs	Preserve this certified invariant; evolve only through explicit evidence-backed governance.
C311	Operational Metadata Is Not Replay Meaning By Default	CERTIFIED	CERTIFIED_CURRENT_SCOPE	docs/KERNEL_SEMANTIC_STABILITY_MAP_1_0.md;tests/semantic_stability.rs	Preserve this certified invariant; evolve only through explicit evidence-backed governance.
C312	Durable Encoding Is Not Automatically A Semantic Event	CERTIFIED	CERTIFIED_CURRENT_SCOPE	docs/KERNEL_SEMANTIC_STABILITY_MAP_1_0.md;tests/semantic_stability.rs	Preserve this certified invariant; evolve only through explicit evidence-backed governance.
C313	The `.noi` Surface Remains Experimental	CERTIFIED	CERTIFIED_CURRENT_SCOPE	docs/KERNEL_SEMANTIC_STABILITY_MAP_1_0.md;tests/semantic_stability.rs	Preserve this certified invariant; evolve only through explicit evidence-backed governance.
C314	The Rust Public API Remains Experimental As A Developer Surface	CERTIFIED	CERTIFIED_CURRENT_SCOPE	docs/KERNEL_SEMANTIC_STABILITY_MAP_1_0.md;tests/semantic_stability.rs	Preserve this certified invariant; evolve only through explicit evidence-backed governance.
C315	The Compiler Frontend Is Not Yet Certified Kernel Semantics	CERTIFIED	CERTIFIED_CURRENT_SCOPE	docs/KERNEL_SEMANTIC_STABILITY_MAP_1_0.md;tests/semantic_stability.rs	Preserve this certified invariant; evolve only through explicit evidence-backed governance.
C316	Stable Surfaces Require Traceable Specification	CERTIFIED	CERTIFIED_CURRENT_SCOPE	docs/KERNEL_SEMANTIC_STABILITY_MAP_1_0.md;tests/semantic_stability.rs	Preserve this certified invariant; evolve only through explicit evidence-backed governance.
C317	The Stability Manifest Has Canonical Identity	CERTIFIED	CERTIFIED_CURRENT_SCOPE	docs/KERNEL_SEMANTIC_STABILITY_MAP_1_0.md;tests/semantic_stability.rs	Preserve this certified invariant; evolve only through explicit evidence-backed governance.
C318	Stability Manifest Hashing Is Not A Signature	CERTIFIED	CERTIFIED_CURRENT_SCOPE	docs/KERNEL_SEMANTIC_STABILITY_MAP_1_0.md;tests/semantic_stability.rs	Preserve this certified invariant; evolve only through explicit evidence-backed governance.
C319	Stability Manifest Reclassification Is Reviewable Semantic Work	CERTIFIED	CERTIFIED_CURRENT_SCOPE	docs/KERNEL_SEMANTIC_STABILITY_MAP_1_0.md;tests/semantic_stability.rs	Preserve this certified invariant; evolve only through explicit evidence-backed governance.
C320	Future Language Layers Target Stable Contracts, Not Private Internals	CERTIFIED	CERTIFIED_CURRENT_SCOPE	docs/KERNEL_SEMANTIC_STABILITY_MAP_1_0.md;tests/semantic_stability.rs	Preserve this certified invariant; evolve only through explicit evidence-backed governance.
C321	K1.18 Does Not Increment NAIR Or Runtime Checkpoint Format	CERTIFIED	CERTIFIED_CURRENT_SCOPE	docs/KERNEL_SEMANTIC_STABILITY_MAP_1_0.md;tests/semantic_stability.rs	Preserve this certified invariant; evolve only through explicit evidence-backed governance.
C322	K1.18 Does Not Freeze `.noi` Surface Syntax	CERTIFIED	CERTIFIED_CURRENT_SCOPE	docs/KERNEL_SEMANTIC_STABILITY_MAP_1_0.md;tests/semantic_stability.rs	Preserve this certified invariant; evolve only through explicit evidence-backed governance.
