id	area	status	evidence_scope	acceptance_criterion	limitation
R11-G01	LIFECYCLE_SEMANTICS	UNMET	RESEARCH_ONLY	Define versioned native scope/task lifecycle semantics and transition error precedence, including unsupported states.	Historical finite models do not establish an executable scheduler contract.
R11-G02	EXECUTOR_SCHEDULING	UNMET	RESEARCH_ONLY	Implement and evaluate a bounded native executor with task ownership, cancellation delivery and resource reclamation.	No task execution or real concurrency exists in the certified experimental reference.
R11-G03	MEMORY_OWNERSHIP	UNMET	RESEARCH_ONLY	Demonstrate memory and lifetime isolation and resource ownership rules against native handle misuse.	Bounded model identity checks are not evidence of native memory safety.
R11-G04	CAPABILITY_AUTHORITY	UNMET	RESEARCH_ONLY	Enforce nonforgeable, revocable and scope-bound host capabilities across actual native calls.	The R0.2 HostPermit is not a trust boundary for untrusted Rust callers.
R11-G05	CANCELLATION_CLEANUP	UNMET	RESEARCH_ONLY	Specify cleanup, task joining, cancellation races and failure ordering under real asynchronous execution.	Deterministic ordering of modeled traces is not asynchronous scheduling evidence.
R11-G06	EFFECT_IO_BOUNDARY	UNMET	RESEARCH_ONLY	Verify effect declaration, authorization, auditing and least privilege at all real external I/O crossings.	Modeled ResourceEffect events do not perform external I/O.
R11-G07	CRASH_RECOVERY	UNMET	RESEARCH_ONLY	Define atomic durable checkpoints, crash simulation, rollback and replay divergence handling for native tasks.	Reference replay checking only establishes a bounded in-memory sequence contract.
R11-G08	ADVERSARIAL_TESTING	UNMET	RESEARCH_ONLY	Exercise invalid native handles, forged grants, exhaustion and cancellation races with fault injection.	Static adversarial traces are not an OS-level security test or a fuzzed native implementation.
R11-G09	CROSS_PLATFORM	UNMET	RESEARCH_ONLY	Validate concrete supported Linux, macOS and Windows native executor behaviors with equivalent evidence.	Passing historical Cargo tests does not exercise the absent native resource/task runtime.
R11-G10	COMPILER_NAIR_BINDING	UNMET	RESEARCH_ONLY	Publish a governed compiler/NAIR interface plan without silently widening certified syntax or authority.	No R0.2-R0.10 witness authorizes new compiler lowering or NAIR opcodes.
R11-G11	RESOURCE_LIMITS	UNMET	RESEARCH_ONLY	Measure native memory, CPU, queue growth, fairness and denial-of-service ceilings with reproducible benchmarks.	Finite event quotas are not runtime performance or starvation guarantees.
R11-G12	INDEPENDENT_REVIEW	UNMET	RESEARCH_ONLY	Obtain independent security review, threat modeling, supply-chain controls and explicit release authorization.	This research candidate has no external audit, authenticated approval or release authorization.
