id	gate_id	area	baseline_sha	status	evidence_scope	artifact_ref	reviewer_ref	limitation
R12-E01	R11-G01	LIFECYCLE_SEMANTICS	d61487bd2392890b3aaaa6ef33fce4371cfb6850	ABSENT	RESEARCH_ONLY	NONE	NONE	No native implementation evidence or authenticated independent review is admitted for this gate. Research references cannot satisfy this requirement.
R12-E02	R11-G02	EXECUTOR_SCHEDULING	d61487bd2392890b3aaaa6ef33fce4371cfb6850	ABSENT	RESEARCH_ONLY	NONE	NONE	No native implementation evidence or authenticated independent review is admitted for this gate. Research references cannot satisfy this requirement.
R12-E03	R11-G03	MEMORY_OWNERSHIP	d61487bd2392890b3aaaa6ef33fce4371cfb6850	ABSENT	RESEARCH_ONLY	NONE	NONE	No native implementation evidence or authenticated independent review is admitted for this gate. Research references cannot satisfy this requirement.
R12-E04	R11-G04	CAPABILITY_AUTHORITY	d61487bd2392890b3aaaa6ef33fce4371cfb6850	ABSENT	RESEARCH_ONLY	NONE	NONE	No native implementation evidence or authenticated independent review is admitted for this gate. Research references cannot satisfy this requirement.
R12-E05	R11-G05	CANCELLATION_CLEANUP	d61487bd2392890b3aaaa6ef33fce4371cfb6850	ABSENT	RESEARCH_ONLY	NONE	NONE	No native implementation evidence or authenticated independent review is admitted for this gate. Research references cannot satisfy this requirement.
R12-E06	R11-G06	EFFECT_IO_BOUNDARY	d61487bd2392890b3aaaa6ef33fce4371cfb6850	ABSENT	RESEARCH_ONLY	NONE	NONE	No native implementation evidence or authenticated independent review is admitted for this gate. Research references cannot satisfy this requirement.
R12-E07	R11-G07	CRASH_RECOVERY	d61487bd2392890b3aaaa6ef33fce4371cfb6850	ABSENT	RESEARCH_ONLY	NONE	NONE	No native implementation evidence or authenticated independent review is admitted for this gate. Research references cannot satisfy this requirement.
R12-E08	R11-G08	ADVERSARIAL_TESTING	d61487bd2392890b3aaaa6ef33fce4371cfb6850	ABSENT	RESEARCH_ONLY	NONE	NONE	No native implementation evidence or authenticated independent review is admitted for this gate. Research references cannot satisfy this requirement.
R12-E09	R11-G09	CROSS_PLATFORM	d61487bd2392890b3aaaa6ef33fce4371cfb6850	ABSENT	RESEARCH_ONLY	NONE	NONE	No native implementation evidence or authenticated independent review is admitted for this gate. Research references cannot satisfy this requirement.
R12-E10	R11-G10	COMPILER_NAIR_BINDING	d61487bd2392890b3aaaa6ef33fce4371cfb6850	ABSENT	RESEARCH_ONLY	NONE	NONE	No native implementation evidence or authenticated independent review is admitted for this gate. Research references cannot satisfy this requirement.
R12-E11	R11-G11	RESOURCE_LIMITS	d61487bd2392890b3aaaa6ef33fce4371cfb6850	ABSENT	RESEARCH_ONLY	NONE	NONE	No native implementation evidence or authenticated independent review is admitted for this gate. Research references cannot satisfy this requirement.
R12-E12	R11-G12	INDEPENDENT_REVIEW	d61487bd2392890b3aaaa6ef33fce4371cfb6850	ABSENT	RESEARCH_ONLY	NONE	NONE	No native implementation evidence or authenticated independent review is admitted for this gate. Research references cannot satisfy this requirement.
