id	gate_id	evidence_id	area	baseline_sha	status	scope	artifact_sha256	previous_chain_sha256	chain_sha256	producer_ref	reviewer_ref	signature_ref	trust_root	revocation	limitation
R13-L01	R11-G01	R12-E01	LIFECYCLE_SEMANTICS	851d978c36f4c12fc16c115e89a7774e33ce361b	ABSENT	RESEARCH_ONLY	NONE	NONE	NONE	NONE	NONE	NONE	NONE	NONE	No authenticated identity, signed attestation, independent review, or native implementation evidence is claimed. A research-only integrity digest cannot satisfy a native readiness gate.
R13-L02	R11-G02	R12-E02	EXECUTOR_SCHEDULING	851d978c36f4c12fc16c115e89a7774e33ce361b	ABSENT	RESEARCH_ONLY	NONE	NONE	NONE	NONE	NONE	NONE	NONE	NONE	No authenticated identity, signed attestation, independent review, or native implementation evidence is claimed. A research-only integrity digest cannot satisfy a native readiness gate.
R13-L03	R11-G03	R12-E03	MEMORY_OWNERSHIP	851d978c36f4c12fc16c115e89a7774e33ce361b	ABSENT	RESEARCH_ONLY	NONE	NONE	NONE	NONE	NONE	NONE	NONE	NONE	No authenticated identity, signed attestation, independent review, or native implementation evidence is claimed. A research-only integrity digest cannot satisfy a native readiness gate.
R13-L04	R11-G04	R12-E04	CAPABILITY_AUTHORITY	851d978c36f4c12fc16c115e89a7774e33ce361b	ABSENT	RESEARCH_ONLY	NONE	NONE	NONE	NONE	NONE	NONE	NONE	NONE	No authenticated identity, signed attestation, independent review, or native implementation evidence is claimed. A research-only integrity digest cannot satisfy a native readiness gate.
R13-L05	R11-G05	R12-E05	CANCELLATION_CLEANUP	851d978c36f4c12fc16c115e89a7774e33ce361b	ABSENT	RESEARCH_ONLY	NONE	NONE	NONE	NONE	NONE	NONE	NONE	NONE	No authenticated identity, signed attestation, independent review, or native implementation evidence is claimed. A research-only integrity digest cannot satisfy a native readiness gate.
R13-L06	R11-G06	R12-E06	EFFECT_IO_BOUNDARY	851d978c36f4c12fc16c115e89a7774e33ce361b	ABSENT	RESEARCH_ONLY	NONE	NONE	NONE	NONE	NONE	NONE	NONE	NONE	No authenticated identity, signed attestation, independent review, or native implementation evidence is claimed. A research-only integrity digest cannot satisfy a native readiness gate.
R13-L07	R11-G07	R12-E07	CRASH_RECOVERY	851d978c36f4c12fc16c115e89a7774e33ce361b	ABSENT	RESEARCH_ONLY	NONE	NONE	NONE	NONE	NONE	NONE	NONE	NONE	No authenticated identity, signed attestation, independent review, or native implementation evidence is claimed. A research-only integrity digest cannot satisfy a native readiness gate.
R13-L08	R11-G08	R12-E08	ADVERSARIAL_TESTING	851d978c36f4c12fc16c115e89a7774e33ce361b	ABSENT	RESEARCH_ONLY	NONE	NONE	NONE	NONE	NONE	NONE	NONE	NONE	No authenticated identity, signed attestation, independent review, or native implementation evidence is claimed. A research-only integrity digest cannot satisfy a native readiness gate.
R13-L09	R11-G09	R12-E09	CROSS_PLATFORM	851d978c36f4c12fc16c115e89a7774e33ce361b	ABSENT	RESEARCH_ONLY	NONE	NONE	NONE	NONE	NONE	NONE	NONE	NONE	No authenticated identity, signed attestation, independent review, or native implementation evidence is claimed. A research-only integrity digest cannot satisfy a native readiness gate.
R13-L10	R11-G10	R12-E10	COMPILER_NAIR_BINDING	851d978c36f4c12fc16c115e89a7774e33ce361b	ABSENT	RESEARCH_ONLY	NONE	NONE	NONE	NONE	NONE	NONE	NONE	NONE	No authenticated identity, signed attestation, independent review, or native implementation evidence is claimed. A research-only integrity digest cannot satisfy a native readiness gate.
R13-L11	R11-G11	R12-E11	RESOURCE_LIMITS	851d978c36f4c12fc16c115e89a7774e33ce361b	ABSENT	RESEARCH_ONLY	NONE	NONE	NONE	NONE	NONE	NONE	NONE	NONE	No authenticated identity, signed attestation, independent review, or native implementation evidence is claimed. A research-only integrity digest cannot satisfy a native readiness gate.
R13-L12	R11-G12	R12-E12	INDEPENDENT_REVIEW	851d978c36f4c12fc16c115e89a7774e33ce361b	ABSENT	RESEARCH_ONLY	NONE	NONE	NONE	NONE	NONE	NONE	NONE	NONE	No authenticated identity, signed attestation, independent review, or native implementation evidence is claimed. A research-only integrity digest cannot satisfy a native readiness gate.
