id	gate_id	evidence_id	integrity_id	area	baseline_sha	status	scope	producer_key	reviewer_key	trust_root	authentication	revocation	limitation
R14-A01	R11-G01	R12-E01	R13-L01	LIFECYCLE_SEMANTICS	35e048dd83f2c072a6c454494ac099906156dc38	ABSENT	RESEARCH_ONLY	NONE	NONE	NONE	NONE	NONE	No producer or reviewer key, real cryptographic signature, authenticated trust root, or revocation authority has been admitted. Test fixture consistency is NOT source authentication or native execution evidence.
R14-A02	R11-G02	R12-E02	R13-L02	EXECUTOR_SCHEDULING	35e048dd83f2c072a6c454494ac099906156dc38	ABSENT	RESEARCH_ONLY	NONE	NONE	NONE	NONE	NONE	No producer or reviewer key, real cryptographic signature, authenticated trust root, or revocation authority has been admitted. Test fixture consistency is NOT source authentication or native execution evidence.
R14-A03	R11-G03	R12-E03	R13-L03	MEMORY_OWNERSHIP	35e048dd83f2c072a6c454494ac099906156dc38	ABSENT	RESEARCH_ONLY	NONE	NONE	NONE	NONE	NONE	No producer or reviewer key, real cryptographic signature, authenticated trust root, or revocation authority has been admitted. Test fixture consistency is NOT source authentication or native execution evidence.
R14-A04	R11-G04	R12-E04	R13-L04	CAPABILITY_AUTHORITY	35e048dd83f2c072a6c454494ac099906156dc38	ABSENT	RESEARCH_ONLY	NONE	NONE	NONE	NONE	NONE	No producer or reviewer key, real cryptographic signature, authenticated trust root, or revocation authority has been admitted. Test fixture consistency is NOT source authentication or native execution evidence.
R14-A05	R11-G05	R12-E05	R13-L05	CANCELLATION_CLEANUP	35e048dd83f2c072a6c454494ac099906156dc38	ABSENT	RESEARCH_ONLY	NONE	NONE	NONE	NONE	NONE	No producer or reviewer key, real cryptographic signature, authenticated trust root, or revocation authority has been admitted. Test fixture consistency is NOT source authentication or native execution evidence.
R14-A06	R11-G06	R12-E06	R13-L06	EFFECT_IO_BOUNDARY	35e048dd83f2c072a6c454494ac099906156dc38	ABSENT	RESEARCH_ONLY	NONE	NONE	NONE	NONE	NONE	No producer or reviewer key, real cryptographic signature, authenticated trust root, or revocation authority has been admitted. Test fixture consistency is NOT source authentication or native execution evidence.
R14-A07	R11-G07	R12-E07	R13-L07	CRASH_RECOVERY	35e048dd83f2c072a6c454494ac099906156dc38	ABSENT	RESEARCH_ONLY	NONE	NONE	NONE	NONE	NONE	No producer or reviewer key, real cryptographic signature, authenticated trust root, or revocation authority has been admitted. Test fixture consistency is NOT source authentication or native execution evidence.
R14-A08	R11-G08	R12-E08	R13-L08	ADVERSARIAL_TESTING	35e048dd83f2c072a6c454494ac099906156dc38	ABSENT	RESEARCH_ONLY	NONE	NONE	NONE	NONE	NONE	No producer or reviewer key, real cryptographic signature, authenticated trust root, or revocation authority has been admitted. Test fixture consistency is NOT source authentication or native execution evidence.
R14-A09	R11-G09	R12-E09	R13-L09	CROSS_PLATFORM	35e048dd83f2c072a6c454494ac099906156dc38	ABSENT	RESEARCH_ONLY	NONE	NONE	NONE	NONE	NONE	No producer or reviewer key, real cryptographic signature, authenticated trust root, or revocation authority has been admitted. Test fixture consistency is NOT source authentication or native execution evidence.
R14-A10	R11-G10	R12-E10	R13-L10	COMPILER_NAIR_BINDING	35e048dd83f2c072a6c454494ac099906156dc38	ABSENT	RESEARCH_ONLY	NONE	NONE	NONE	NONE	NONE	No producer or reviewer key, real cryptographic signature, authenticated trust root, or revocation authority has been admitted. Test fixture consistency is NOT source authentication or native execution evidence.
R14-A11	R11-G11	R12-E11	R13-L11	RESOURCE_LIMITS	35e048dd83f2c072a6c454494ac099906156dc38	ABSENT	RESEARCH_ONLY	NONE	NONE	NONE	NONE	NONE	No producer or reviewer key, real cryptographic signature, authenticated trust root, or revocation authority has been admitted. Test fixture consistency is NOT source authentication or native execution evidence.
R14-A12	R11-G12	R12-E12	R13-L12	INDEPENDENT_REVIEW	35e048dd83f2c072a6c454494ac099906156dc38	ABSENT	RESEARCH_ONLY	NONE	NONE	NONE	NONE	NONE	No producer or reviewer key, real cryptographic signature, authenticated trust root, or revocation authority has been admitted. Test fixture consistency is NOT source authentication or native execution evidence.
