id	gate_id	evidence_id	integrity_id	authentication_id	area	baseline_sha	status	scope	policy	verifier_ref	trust_root	limitation
R15-V01	R11-G01	R12-E01	R13-L01	R14-A01	LIFECYCLE_SEMANTICS	86fc90a79f5d0cef83c730bcd7c02175307fffd3	ABSENT	RESEARCH_ONLY	DUAL_SYNTHETIC_REVIEW	NONE	NONE	TEST-ONLY gate LIFECYCLE_SEMANTICS has no externally authenticated evidence; synthetic dual reviews cannot establish validity or authorize native execution
R15-V02	R11-G02	R12-E02	R13-L02	R14-A02	EXECUTOR_SCHEDULING	86fc90a79f5d0cef83c730bcd7c02175307fffd3	ABSENT	RESEARCH_ONLY	DUAL_SYNTHETIC_REVIEW	NONE	NONE	TEST-ONLY gate EXECUTOR_SCHEDULING has no externally authenticated evidence; synthetic dual reviews cannot establish validity or authorize native execution
R15-V03	R11-G03	R12-E03	R13-L03	R14-A03	MEMORY_OWNERSHIP	86fc90a79f5d0cef83c730bcd7c02175307fffd3	ABSENT	RESEARCH_ONLY	DUAL_SYNTHETIC_REVIEW	NONE	NONE	TEST-ONLY gate MEMORY_OWNERSHIP has no externally authenticated evidence; synthetic dual reviews cannot establish validity or authorize native execution
R15-V04	R11-G04	R12-E04	R13-L04	R14-A04	CAPABILITY_AUTHORITY	86fc90a79f5d0cef83c730bcd7c02175307fffd3	ABSENT	RESEARCH_ONLY	DUAL_SYNTHETIC_REVIEW	NONE	NONE	TEST-ONLY gate CAPABILITY_AUTHORITY has no externally authenticated evidence; synthetic dual reviews cannot establish validity or authorize native execution
R15-V05	R11-G05	R12-E05	R13-L05	R14-A05	CANCELLATION_CLEANUP	86fc90a79f5d0cef83c730bcd7c02175307fffd3	ABSENT	RESEARCH_ONLY	DUAL_SYNTHETIC_REVIEW	NONE	NONE	TEST-ONLY gate CANCELLATION_CLEANUP has no externally authenticated evidence; synthetic dual reviews cannot establish validity or authorize native execution
R15-V06	R11-G06	R12-E06	R13-L06	R14-A06	EFFECT_IO_BOUNDARY	86fc90a79f5d0cef83c730bcd7c02175307fffd3	ABSENT	RESEARCH_ONLY	DUAL_SYNTHETIC_REVIEW	NONE	NONE	TEST-ONLY gate EFFECT_IO_BOUNDARY has no externally authenticated evidence; synthetic dual reviews cannot establish validity or authorize native execution
R15-V07	R11-G07	R12-E07	R13-L07	R14-A07	CRASH_RECOVERY	86fc90a79f5d0cef83c730bcd7c02175307fffd3	ABSENT	RESEARCH_ONLY	DUAL_SYNTHETIC_REVIEW	NONE	NONE	TEST-ONLY gate CRASH_RECOVERY has no externally authenticated evidence; synthetic dual reviews cannot establish validity or authorize native execution
R15-V08	R11-G08	R12-E08	R13-L08	R14-A08	ADVERSARIAL_TESTING	86fc90a79f5d0cef83c730bcd7c02175307fffd3	ABSENT	RESEARCH_ONLY	DUAL_SYNTHETIC_REVIEW	NONE	NONE	TEST-ONLY gate ADVERSARIAL_TESTING has no externally authenticated evidence; synthetic dual reviews cannot establish validity or authorize native execution
R15-V09	R11-G09	R12-E09	R13-L09	R14-A09	CROSS_PLATFORM	86fc90a79f5d0cef83c730bcd7c02175307fffd3	ABSENT	RESEARCH_ONLY	DUAL_SYNTHETIC_REVIEW	NONE	NONE	TEST-ONLY gate CROSS_PLATFORM has no externally authenticated evidence; synthetic dual reviews cannot establish validity or authorize native execution
R15-V10	R11-G10	R12-E10	R13-L10	R14-A10	COMPILER_NAIR_BINDING	86fc90a79f5d0cef83c730bcd7c02175307fffd3	ABSENT	RESEARCH_ONLY	DUAL_SYNTHETIC_REVIEW	NONE	NONE	TEST-ONLY gate COMPILER_NAIR_BINDING has no externally authenticated evidence; synthetic dual reviews cannot establish validity or authorize native execution
R15-V11	R11-G11	R12-E11	R13-L11	R14-A11	RESOURCE_LIMITS	86fc90a79f5d0cef83c730bcd7c02175307fffd3	ABSENT	RESEARCH_ONLY	DUAL_SYNTHETIC_REVIEW	NONE	NONE	TEST-ONLY gate RESOURCE_LIMITS has no externally authenticated evidence; synthetic dual reviews cannot establish validity or authorize native execution
R15-V12	R11-G12	R12-E12	R13-L12	R14-A12	INDEPENDENT_REVIEW	86fc90a79f5d0cef83c730bcd7c02175307fffd3	ABSENT	RESEARCH_ONLY	DUAL_SYNTHETIC_REVIEW	NONE	NONE	TEST-ONLY gate INDEPENDENT_REVIEW has no externally authenticated evidence; synthetic dual reviews cannot establish validity or authorize native execution
