id	gate_id	evidence_id	integrity_id	authentication_id	verification_id	area	baseline_sha	admitted_status	scope	offset	length	fixture_sha256	mock_producer	signature_ref	trust_root	limitation
R16-B01	R11-G01	R12-E01	R13-L01	R14-A01	R15-V01	LIFECYCLE_SEMANTICS	3158ee20a894461df5402335b7db5509db9abd02	ABSENT	RESEARCH_ONLY	12	45	4ebebd7d8432122ac061d1c2cd980e56f6fd6247e7fa96c4d09b074bce4e0299	MOCK-PRODUCER-01	NONE	NONE	TEST-ONLY byte fixture for LIFECYCLE_SEMANTICS; this record is NOT real external evidence and does NOT grant runtime or native authority
R16-B02	R11-G02	R12-E02	R13-L02	R14-A02	R15-V02	EXECUTOR_SCHEDULING	3158ee20a894461df5402335b7db5509db9abd02	ABSENT	RESEARCH_ONLY	59	45	f3a51527e401af067d1726978b08f0402d8df249841dcf7d8a71572acf4bf209	MOCK-PRODUCER-02	NONE	NONE	TEST-ONLY byte fixture for EXECUTOR_SCHEDULING; this record is NOT real external evidence and does NOT grant runtime or native authority
R16-B03	R11-G03	R12-E03	R13-L03	R14-A03	R15-V03	MEMORY_OWNERSHIP	3158ee20a894461df5402335b7db5509db9abd02	ABSENT	RESEARCH_ONLY	106	42	319edb59e4f3d30231b14b9aaf937c9c188e669c9da16d80eba9f5fc2df09430	MOCK-PRODUCER-03	NONE	NONE	TEST-ONLY byte fixture for MEMORY_OWNERSHIP; this record is NOT real external evidence and does NOT grant runtime or native authority
R16-B04	R11-G04	R12-E04	R13-L04	R14-A04	R15-V04	CAPABILITY_AUTHORITY	3158ee20a894461df5402335b7db5509db9abd02	ABSENT	RESEARCH_ONLY	150	46	73f0f4bd8b8eda81cf2e5e8e7696257b379ca4f36dba742133b9043238f133b9	MOCK-PRODUCER-04	NONE	NONE	TEST-ONLY byte fixture for CAPABILITY_AUTHORITY; this record is NOT real external evidence and does NOT grant runtime or native authority
R16-B05	R11-G05	R12-E05	R13-L05	R14-A05	R15-V05	CANCELLATION_CLEANUP	3158ee20a894461df5402335b7db5509db9abd02	ABSENT	RESEARCH_ONLY	198	46	1d5fc71c9889a2696ddd33ab0c8dfb12a7bf196987a24b7c8ae4f19e40a9f94f	MOCK-PRODUCER-05	NONE	NONE	TEST-ONLY byte fixture for CANCELLATION_CLEANUP; this record is NOT real external evidence and does NOT grant runtime or native authority
R16-B06	R11-G06	R12-E06	R13-L06	R14-A06	R15-V06	EFFECT_IO_BOUNDARY	3158ee20a894461df5402335b7db5509db9abd02	ABSENT	RESEARCH_ONLY	246	44	36915bbf41618df97afee5597b2a82a2472e22ce9ba55d68156d6a4958a34dd0	MOCK-PRODUCER-06	NONE	NONE	TEST-ONLY byte fixture for EFFECT_IO_BOUNDARY; this record is NOT real external evidence and does NOT grant runtime or native authority
R16-B07	R11-G07	R12-E07	R13-L07	R14-A07	R15-V07	CRASH_RECOVERY	3158ee20a894461df5402335b7db5509db9abd02	ABSENT	RESEARCH_ONLY	292	40	1a80584459966ffa1fc94b6fbf4a42f7da712b3a86f1f0d7510b0389439fb8e8	MOCK-PRODUCER-07	NONE	NONE	TEST-ONLY byte fixture for CRASH_RECOVERY; this record is NOT real external evidence and does NOT grant runtime or native authority
R16-B08	R11-G08	R12-E08	R13-L08	R14-A08	R15-V08	ADVERSARIAL_TESTING	3158ee20a894461df5402335b7db5509db9abd02	ABSENT	RESEARCH_ONLY	334	45	b570afc6f1f7a249c1255cf88a304c7e7d4053e3e65fa47b6ba115d04e260cb8	MOCK-PRODUCER-08	NONE	NONE	TEST-ONLY byte fixture for ADVERSARIAL_TESTING; this record is NOT real external evidence and does NOT grant runtime or native authority
R16-B09	R11-G09	R12-E09	R13-L09	R14-A09	R15-V09	CROSS_PLATFORM	3158ee20a894461df5402335b7db5509db9abd02	ABSENT	RESEARCH_ONLY	381	40	ae3b65ab210e34bc87a0c69a2c285f073f4a51583a849d95e9cecacf5f273e81	MOCK-PRODUCER-09	NONE	NONE	TEST-ONLY byte fixture for CROSS_PLATFORM; this record is NOT real external evidence and does NOT grant runtime or native authority
R16-B10	R11-G10	R12-E10	R13-L10	R14-A10	R15-V10	COMPILER_NAIR_BINDING	3158ee20a894461df5402335b7db5509db9abd02	ABSENT	RESEARCH_ONLY	423	47	ae38907c86de6f1409eacfaa417c3a16e530c04987bfe4673fa218ee80308af9	MOCK-PRODUCER-10	NONE	NONE	TEST-ONLY byte fixture for COMPILER_NAIR_BINDING; this record is NOT real external evidence and does NOT grant runtime or native authority
R16-B11	R11-G11	R12-E11	R13-L11	R14-A11	R15-V11	RESOURCE_LIMITS	3158ee20a894461df5402335b7db5509db9abd02	ABSENT	RESEARCH_ONLY	472	41	a96184d565f3069c1596effb1c9e8c3f625d76e381389c15a687b921500b137c	MOCK-PRODUCER-11	NONE	NONE	TEST-ONLY byte fixture for RESOURCE_LIMITS; this record is NOT real external evidence and does NOT grant runtime or native authority
R16-B12	R11-G12	R12-E12	R13-L12	R14-A12	R15-V12	INDEPENDENT_REVIEW	3158ee20a894461df5402335b7db5509db9abd02	ABSENT	RESEARCH_ONLY	515	44	947d1c1f0e9b1d598f7c418d577b48e5fb870f96290e9184ef75e3315e41e599	MOCK-PRODUCER-12	NONE	NONE	TEST-ONLY byte fixture for INDEPENDENT_REVIEW; this record is NOT real external evidence and does NOT grant runtime or native authority
