id	bundle_id	gate_id	area	baseline_sha	status	scope	replay_mode	payload_offset	payload_length	payload_sha256	transcript_sha256	external_verifier	trust_root	limitation
R17-R01	R16-B01	R11-G01	LIFECYCLE_SEMANTICS	a5d7e9669a9b6d4be6a47bed17756946df24c9bb	ABSENT	RESEARCH_ONLY	DUAL_LOCAL_DECODE	12	45	4ebebd7d8432122ac061d1c2cd980e56f6fd6247e7fa96c4d09b074bce4e0299	1a8bb469182af60317634c0f1bf7bcee72b7d6ebcfb048ae73a8b5d720b09aab	NONE	NONE	TEST-ONLY local reproducibility for LIFECYCLE_SEMANTICS; NOT independent external verification, authorship, or permission to execute native tasks
R17-R02	R16-B02	R11-G02	EXECUTOR_SCHEDULING	a5d7e9669a9b6d4be6a47bed17756946df24c9bb	ABSENT	RESEARCH_ONLY	DUAL_LOCAL_DECODE	59	45	f3a51527e401af067d1726978b08f0402d8df249841dcf7d8a71572acf4bf209	1a8bb469182af60317634c0f1bf7bcee72b7d6ebcfb048ae73a8b5d720b09aab	NONE	NONE	TEST-ONLY local reproducibility for EXECUTOR_SCHEDULING; NOT independent external verification, authorship, or permission to execute native tasks
R17-R03	R16-B03	R11-G03	MEMORY_OWNERSHIP	a5d7e9669a9b6d4be6a47bed17756946df24c9bb	ABSENT	RESEARCH_ONLY	DUAL_LOCAL_DECODE	106	42	319edb59e4f3d30231b14b9aaf937c9c188e669c9da16d80eba9f5fc2df09430	1a8bb469182af60317634c0f1bf7bcee72b7d6ebcfb048ae73a8b5d720b09aab	NONE	NONE	TEST-ONLY local reproducibility for MEMORY_OWNERSHIP; NOT independent external verification, authorship, or permission to execute native tasks
R17-R04	R16-B04	R11-G04	CAPABILITY_AUTHORITY	a5d7e9669a9b6d4be6a47bed17756946df24c9bb	ABSENT	RESEARCH_ONLY	DUAL_LOCAL_DECODE	150	46	73f0f4bd8b8eda81cf2e5e8e7696257b379ca4f36dba742133b9043238f133b9	1a8bb469182af60317634c0f1bf7bcee72b7d6ebcfb048ae73a8b5d720b09aab	NONE	NONE	TEST-ONLY local reproducibility for CAPABILITY_AUTHORITY; NOT independent external verification, authorship, or permission to execute native tasks
R17-R05	R16-B05	R11-G05	CANCELLATION_CLEANUP	a5d7e9669a9b6d4be6a47bed17756946df24c9bb	ABSENT	RESEARCH_ONLY	DUAL_LOCAL_DECODE	198	46	1d5fc71c9889a2696ddd33ab0c8dfb12a7bf196987a24b7c8ae4f19e40a9f94f	1a8bb469182af60317634c0f1bf7bcee72b7d6ebcfb048ae73a8b5d720b09aab	NONE	NONE	TEST-ONLY local reproducibility for CANCELLATION_CLEANUP; NOT independent external verification, authorship, or permission to execute native tasks
R17-R06	R16-B06	R11-G06	EFFECT_IO_BOUNDARY	a5d7e9669a9b6d4be6a47bed17756946df24c9bb	ABSENT	RESEARCH_ONLY	DUAL_LOCAL_DECODE	246	44	36915bbf41618df97afee5597b2a82a2472e22ce9ba55d68156d6a4958a34dd0	1a8bb469182af60317634c0f1bf7bcee72b7d6ebcfb048ae73a8b5d720b09aab	NONE	NONE	TEST-ONLY local reproducibility for EFFECT_IO_BOUNDARY; NOT independent external verification, authorship, or permission to execute native tasks
R17-R07	R16-B07	R11-G07	CRASH_RECOVERY	a5d7e9669a9b6d4be6a47bed17756946df24c9bb	ABSENT	RESEARCH_ONLY	DUAL_LOCAL_DECODE	292	40	1a80584459966ffa1fc94b6fbf4a42f7da712b3a86f1f0d7510b0389439fb8e8	1a8bb469182af60317634c0f1bf7bcee72b7d6ebcfb048ae73a8b5d720b09aab	NONE	NONE	TEST-ONLY local reproducibility for CRASH_RECOVERY; NOT independent external verification, authorship, or permission to execute native tasks
R17-R08	R16-B08	R11-G08	ADVERSARIAL_TESTING	a5d7e9669a9b6d4be6a47bed17756946df24c9bb	ABSENT	RESEARCH_ONLY	DUAL_LOCAL_DECODE	334	45	b570afc6f1f7a249c1255cf88a304c7e7d4053e3e65fa47b6ba115d04e260cb8	1a8bb469182af60317634c0f1bf7bcee72b7d6ebcfb048ae73a8b5d720b09aab	NONE	NONE	TEST-ONLY local reproducibility for ADVERSARIAL_TESTING; NOT independent external verification, authorship, or permission to execute native tasks
R17-R09	R16-B09	R11-G09	CROSS_PLATFORM	a5d7e9669a9b6d4be6a47bed17756946df24c9bb	ABSENT	RESEARCH_ONLY	DUAL_LOCAL_DECODE	381	40	ae3b65ab210e34bc87a0c69a2c285f073f4a51583a849d95e9cecacf5f273e81	1a8bb469182af60317634c0f1bf7bcee72b7d6ebcfb048ae73a8b5d720b09aab	NONE	NONE	TEST-ONLY local reproducibility for CROSS_PLATFORM; NOT independent external verification, authorship, or permission to execute native tasks
R17-R10	R16-B10	R11-G10	COMPILER_NAIR_BINDING	a5d7e9669a9b6d4be6a47bed17756946df24c9bb	ABSENT	RESEARCH_ONLY	DUAL_LOCAL_DECODE	423	47	ae38907c86de6f1409eacfaa417c3a16e530c04987bfe4673fa218ee80308af9	1a8bb469182af60317634c0f1bf7bcee72b7d6ebcfb048ae73a8b5d720b09aab	NONE	NONE	TEST-ONLY local reproducibility for COMPILER_NAIR_BINDING; NOT independent external verification, authorship, or permission to execute native tasks
R17-R11	R16-B11	R11-G11	RESOURCE_LIMITS	a5d7e9669a9b6d4be6a47bed17756946df24c9bb	ABSENT	RESEARCH_ONLY	DUAL_LOCAL_DECODE	472	41	a96184d565f3069c1596effb1c9e8c3f625d76e381389c15a687b921500b137c	1a8bb469182af60317634c0f1bf7bcee72b7d6ebcfb048ae73a8b5d720b09aab	NONE	NONE	TEST-ONLY local reproducibility for RESOURCE_LIMITS; NOT independent external verification, authorship, or permission to execute native tasks
R17-R12	R16-B12	R11-G12	INDEPENDENT_REVIEW	a5d7e9669a9b6d4be6a47bed17756946df24c9bb	ABSENT	RESEARCH_ONLY	DUAL_LOCAL_DECODE	515	44	947d1c1f0e9b1d598f7c418d577b48e5fb870f96290e9184ef75e3315e41e599	1a8bb469182af60317634c0f1bf7bcee72b7d6ebcfb048ae73a8b5d720b09aab	NONE	NONE	TEST-ONLY local reproducibility for INDEPENDENT_REVIEW; NOT independent external verification, authorship, or permission to execute native tasks
