id	domain	operation	position	argument	reader_a	reader_b	mutated_sha256	expected	scope	limitation
R18-F01	PACK	XOR	12	1	PASS	PASS	a4374584ba6f21ad1443f5e60d61e759d578776ec6cdac05649bab9cb96efed4	INVALID	RESEARCH_ONLY	TEST-ONLY PAYLOAD_TAMPER synthetic fault injection; no proof of real-world adversarial coverage, provenance, identity or native authority
R18-F02	PACK	XOR	59	1	PASS	PASS	3ecb13c2ece1c1adb69269a679ebf2a2b2e87826ede6bd7497e87a0eb578e1f8	INVALID	RESEARCH_ONLY	TEST-ONLY PAYLOAD_TAMPER synthetic fault injection; no proof of real-world adversarial coverage, provenance, identity or native authority
R18-F03	PACK	XOR	106	1	PASS	PASS	f0f49c7e55b804ae4491a7931cc3267b156485f630437a75b3fa21327dc41092	INVALID	RESEARCH_ONLY	TEST-ONLY PAYLOAD_TAMPER synthetic fault injection; no proof of real-world adversarial coverage, provenance, identity or native authority
R18-F04	PACK	XOR	150	1	PASS	PASS	459c60a3e6bb38c3b2decf3302f181c23a27993acbffa25c512bf46342e6cbde	INVALID	RESEARCH_ONLY	TEST-ONLY PAYLOAD_TAMPER synthetic fault injection; no proof of real-world adversarial coverage, provenance, identity or native authority
R18-F05	PACK	XOR	198	1	PASS	PASS	8fd8b9decfd4fc4fc5e08666ee3f8673b965f3908a3283473f80dea1ff81df12	INVALID	RESEARCH_ONLY	TEST-ONLY PAYLOAD_TAMPER synthetic fault injection; no proof of real-world adversarial coverage, provenance, identity or native authority
R18-F06	PACK	XOR	246	1	PASS	PASS	e8fbe045aacd03355ab1d8426d3c8b78fde670a89f7657153e923cb86ae427e1	INVALID	RESEARCH_ONLY	TEST-ONLY PAYLOAD_TAMPER synthetic fault injection; no proof of real-world adversarial coverage, provenance, identity or native authority
R18-F07	PACK	XOR	292	1	PASS	PASS	3bf69025f02a512fc5a35984dc39a2ffff26dee523195c730c88683e0a16039c	INVALID	RESEARCH_ONLY	TEST-ONLY PAYLOAD_TAMPER synthetic fault injection; no proof of real-world adversarial coverage, provenance, identity or native authority
R18-F08	PACK	XOR	334	1	PASS	PASS	73b445a903a923d1cb6b9357c7fc5709d2e8188ec8311f12e567c95169e7fe97	INVALID	RESEARCH_ONLY	TEST-ONLY PAYLOAD_TAMPER synthetic fault injection; no proof of real-world adversarial coverage, provenance, identity or native authority
R18-F09	PACK	XOR	381	1	PASS	PASS	27e3c045a088e8bc62f574ef05a351b43510208060ee92325161133bc9b8dff3	INVALID	RESEARCH_ONLY	TEST-ONLY PAYLOAD_TAMPER synthetic fault injection; no proof of real-world adversarial coverage, provenance, identity or native authority
R18-F10	PACK	XOR	423	1	PASS	PASS	715a601af51de5e3e1468cbc5bee226f11af045a8a773647075984d6194ce8ea	INVALID	RESEARCH_ONLY	TEST-ONLY PAYLOAD_TAMPER synthetic fault injection; no proof of real-world adversarial coverage, provenance, identity or native authority
R18-F11	PACK	XOR	472	1	PASS	PASS	98529e595ca05b32f0a714eb7cd3bd08f0e1ab2633798082c7322e56cfd878c5	INVALID	RESEARCH_ONLY	TEST-ONLY PAYLOAD_TAMPER synthetic fault injection; no proof of real-world adversarial coverage, provenance, identity or native authority
R18-F12	PACK	XOR	515	1	PASS	PASS	3e102a8ed013d8de038f5365f51ed1781b20226c7742a16d0683dcdd97c47457	INVALID	RESEARCH_ONLY	TEST-ONLY PAYLOAD_TAMPER synthetic fault injection; no proof of real-world adversarial coverage, provenance, identity or native authority
R18-F13	PACK	ZERO	10	0	REJECT	REJECT	52c82930836c07c46fffd8cab35f1c760625d95b0ff8faeebdb7db09dae05cde	INVALID	RESEARCH_ONLY	TEST-ONLY LENGTH_PREFIX synthetic fault injection; no proof of real-world adversarial coverage, provenance, identity or native authority
R18-F14	PACK	ZERO	57	0	REJECT	REJECT	e8e2b08d3b0671b302c0bb99a8bf4c4a80a6dcde27552baefb4f22cd2c36394d	INVALID	RESEARCH_ONLY	TEST-ONLY LENGTH_PREFIX synthetic fault injection; no proof of real-world adversarial coverage, provenance, identity or native authority
R18-F15	PACK	ZERO	104	0	REJECT	REJECT	0a8aa7c378403dffafab17bbc08836687963368a585795ee555a4f6c3f409cbd	INVALID	RESEARCH_ONLY	TEST-ONLY LENGTH_PREFIX synthetic fault injection; no proof of real-world adversarial coverage, provenance, identity or native authority
R18-F16	PACK	ZERO	148	0	REJECT	REJECT	6de014441d126a3dcb59a1fd1123e468390d880dd0abd5bde9e24f5861273ab7	INVALID	RESEARCH_ONLY	TEST-ONLY LENGTH_PREFIX synthetic fault injection; no proof of real-world adversarial coverage, provenance, identity or native authority
R18-F17	PACK	ZERO	196	0	REJECT	REJECT	8f4fb99455ec3d0d5f080d8745149170e1eacf960cc0a5883aa7376086622cba	INVALID	RESEARCH_ONLY	TEST-ONLY LENGTH_PREFIX synthetic fault injection; no proof of real-world adversarial coverage, provenance, identity or native authority
R18-F18	PACK	ZERO	244	0	REJECT	REJECT	9a77bc3c7f6bd3bb025b24f7fd79a5dc053cdf7b35dda2b9c4677e6f45ea1821	INVALID	RESEARCH_ONLY	TEST-ONLY LENGTH_PREFIX synthetic fault injection; no proof of real-world adversarial coverage, provenance, identity or native authority
R18-F19	PACK	ZERO	290	0	REJECT	REJECT	d497874a05bdcd3c2953afa43474cc9a07e81ab58b1bfe5101e3a853e2cee71e	INVALID	RESEARCH_ONLY	TEST-ONLY LENGTH_PREFIX synthetic fault injection; no proof of real-world adversarial coverage, provenance, identity or native authority
R18-F20	PACK	ZERO	332	0	REJECT	REJECT	f15b9cd4a950b59cc5e0e049878369a85d09f4dd8d6809a49a1ccfaeb064ac41	INVALID	RESEARCH_ONLY	TEST-ONLY LENGTH_PREFIX synthetic fault injection; no proof of real-world adversarial coverage, provenance, identity or native authority
R18-F21	PACK	ZERO	379	0	REJECT	REJECT	ded8acebc80e1ce54cafb9cec2740553315ff80f1abe199a29fc6a102a9719a0	INVALID	RESEARCH_ONLY	TEST-ONLY LENGTH_PREFIX synthetic fault injection; no proof of real-world adversarial coverage, provenance, identity or native authority
R18-F22	PACK	ZERO	421	0	REJECT	REJECT	3f9412fac80e6ef0face4cdaf8d1d6a6eb683db93be9f4621824f9e86e7ed8d4	INVALID	RESEARCH_ONLY	TEST-ONLY LENGTH_PREFIX synthetic fault injection; no proof of real-world adversarial coverage, provenance, identity or native authority
R18-F23	PACK	ZERO	470	0	REJECT	REJECT	31e5740606d9e0e19617dc64e83e7e00144a9d2139ad59636d0cb8df4cb67f04	INVALID	RESEARCH_ONLY	TEST-ONLY LENGTH_PREFIX synthetic fault injection; no proof of real-world adversarial coverage, provenance, identity or native authority
R18-F24	PACK	ZERO	513	0	REJECT	REJECT	ebf7c1c5ec4a803b5c058d61a098dc159242c303df9bc1eb5302f7546617b19e	INVALID	RESEARCH_ONLY	TEST-ONLY LENGTH_PREFIX synthetic fault injection; no proof of real-world adversarial coverage, provenance, identity or native authority
R18-F25	PACK	CUT	0	0	REJECT	REJECT	e3b0c44298fc1c149afbf4c8996fb92427ae41e4649b934ca495991b7852b855	INVALID	RESEARCH_ONLY	TEST-ONLY TRUNCATION synthetic fault injection; no proof of real-world adversarial coverage, provenance, identity or native authority
R18-F26	PACK	CUT	1	0	REJECT	REJECT	8ce86a6ae65d3692e7305e2c58ac62eebd97d3d943e093f577da25c36988246b	INVALID	RESEARCH_ONLY	TEST-ONLY TRUNCATION synthetic fault injection; no proof of real-world adversarial coverage, provenance, identity or native authority
R18-F27	PACK	CUT	8	0	REJECT	REJECT	9de2b4749dd81655aeb20bf352b4929c0012b18f5ca7bd7d865c2fad11c0bf01	INVALID	RESEARCH_ONLY	TEST-ONLY TRUNCATION synthetic fault injection; no proof of real-world adversarial coverage, provenance, identity or native authority
R18-F28	PACK	CUT	9	0	REJECT	REJECT	b23a39555d0a76e84ddc22bedc1827e0459717b76d570f819aa674b13be8ab7c	INVALID	RESEARCH_ONLY	TEST-ONLY TRUNCATION synthetic fault injection; no proof of real-world adversarial coverage, provenance, identity or native authority
R18-F29	PACK	CUT	10	0	REJECT	REJECT	b903dd4a51b4f1d959272d4133473ea70213171b0b7117fb27df02150f1a690e	INVALID	RESEARCH_ONLY	TEST-ONLY TRUNCATION synthetic fault injection; no proof of real-world adversarial coverage, provenance, identity or native authority
R18-F30	PACK	CUT	11	0	REJECT	REJECT	faeda94afde8a6f0871c6f9494ce079493dcde531eeac9b9ab9b9896a8ecc01e	INVALID	RESEARCH_ONLY	TEST-ONLY TRUNCATION synthetic fault injection; no proof of real-world adversarial coverage, provenance, identity or native authority
R18-F31	PACK	CUT	557	0	REJECT	REJECT	50f60d4c3be6aed077b4548beb7846023cd1bc9ec32d548005e2bfc4eae9bf01	INVALID	RESEARCH_ONLY	TEST-ONLY TRUNCATION synthetic fault injection; no proof of real-world adversarial coverage, provenance, identity or native authority
R18-F32	PACK	CUT	558	0	REJECT	REJECT	1026cf7351c92cab4c0ecdcaad3f30a1f3956b5bc22e8d3b2c9b9bf8e055fe03	INVALID	RESEARCH_ONLY	TEST-ONLY TRUNCATION synthetic fault injection; no proof of real-world adversarial coverage, provenance, identity or native authority
R18-F33	PACK	ADD	0	0	REJECT	REJECT	a0273800c66c3e933173b8f223a0fb4a465ebf571da0e1fa49854eec2ac48f0a	INVALID	RESEARCH_ONLY	TEST-ONLY TRAILING_BYTES synthetic fault injection; no proof of real-world adversarial coverage, provenance, identity or native authority
R18-F34	PACK	ADD	0	255	REJECT	REJECT	8720da76164b1e07377ee22e26282df1ba0d01e74304663eb541a66e79a7c385	INVALID	RESEARCH_ONLY	TEST-ONLY TRAILING_BYTES synthetic fault injection; no proof of real-world adversarial coverage, provenance, identity or native authority
R18-F35	PACK	SWAP	10	11	REJECT	REJECT	5beec30d1a29af8e4b3128cf16aadac018b13b383eddbc332cf9380a23ae63fd	INVALID	RESEARCH_ONLY	TEST-ONLY SWAPPED_BYTES synthetic fault injection; no proof of real-world adversarial coverage, provenance, identity or native authority
R18-F36	PACK	SWAP	12	13	PASS	PASS	d4b26c581802fe2994f2ca99af89663ba61d358a30c39a34fe94968280b5a7b8	INVALID	RESEARCH_ONLY	TEST-ONLY SWAPPED_BYTES synthetic fault injection; no proof of real-world adversarial coverage, provenance, identity or native authority
R18-F37	PACK	SWAP	198	199	PASS	PASS	4fb3b3cf6988dc91d0beaa349014cb50c0d969229656d64fbbf72f749c5731f5	INVALID	RESEARCH_ONLY	TEST-ONLY SWAPPED_BYTES synthetic fault injection; no proof of real-world adversarial coverage, provenance, identity or native authority
R18-F38	PACK	XOR	8	1	REJECT	REJECT	d752a91306623c75e67f5fa8d51a9e250cc8269482a8b7198c2692c131196d3e	INVALID	RESEARCH_ONLY	TEST-ONLY RECORD_COUNT synthetic fault injection; no proof of real-world adversarial coverage, provenance, identity or native authority
R18-F39	PACK	XOR	9	1	REJECT	REJECT	1e3712102e662c2502edf5fd4b02729bf36c0341359046004f1f655a90a6ae69	INVALID	RESEARCH_ONLY	TEST-ONLY RECORD_COUNT synthetic fault injection; no proof of real-world adversarial coverage, provenance, identity or native authority
R18-F40	TRANSCRIPT	XOR	0	1	PASS	PASS	ee267471db889a447797201b918eb6fe5460ff55584225a8b2de5d82420016be	INVALID	RESEARCH_ONLY	TEST-ONLY TRANSCRIPT_TAMPER synthetic fault injection; no proof of real-world adversarial coverage, provenance, identity or native authority
R18-F41	TRANSCRIPT	XOR	8	1	PASS	PASS	416d5a97019c02a955d220da46ea293e4614689db1e4e6103c17a37cca4f80b9	INVALID	RESEARCH_ONLY	TEST-ONLY TRANSCRIPT_TAMPER synthetic fault injection; no proof of real-world adversarial coverage, provenance, identity or native authority
R18-F42	TRANSCRIPT	XOR	9	1	PASS	PASS	ebdcdede4bf04bf356dfb395f62ff186d69ac6d772a136ce306b0ab0d2d503f4	INVALID	RESEARCH_ONLY	TEST-ONLY TRANSCRIPT_TAMPER synthetic fault injection; no proof of real-world adversarial coverage, provenance, identity or native authority
R18-F43	TRANSCRIPT	XOR	48	1	PASS	PASS	f072c5d53546efe98d04c5efc1d96a91d5de7d701e87536ad017d4e8a3df9002	INVALID	RESEARCH_ONLY	TEST-ONLY TRANSCRIPT_TAMPER synthetic fault injection; no proof of real-world adversarial coverage, provenance, identity or native authority
R18-F44	TRANSCRIPT	XOR	49	1	PASS	PASS	77c247ffd06aacaae8813979efae5c30ee6e59a60831132a878419fecd028d20	INVALID	RESEARCH_ONLY	TEST-ONLY TRANSCRIPT_TAMPER synthetic fault injection; no proof of real-world adversarial coverage, provenance, identity or native authority
R18-F45	TRANSCRIPT	XOR	50	1	PASS	PASS	7ff347e31ee266d963d6dcc45180db8f90eb7f212d017a86230cd89a27c24100	INVALID	RESEARCH_ONLY	TEST-ONLY TRANSCRIPT_TAMPER synthetic fault injection; no proof of real-world adversarial coverage, provenance, identity or native authority
R18-F46	TRANSCRIPT	XOR	51	1	PASS	PASS	f7209d03b3e61c7944370ded7574a05f809a6c74d87882f11834af10815d01f6	INVALID	RESEARCH_ONLY	TEST-ONLY TRANSCRIPT_TAMPER synthetic fault injection; no proof of real-world adversarial coverage, provenance, identity or native authority
R18-F47	TRANSCRIPT	XOR	82	1	PASS	PASS	bc158a8cf5071f63caffdeab6aafe1c6e05738cec309e1aa627335c6bc1d1625	INVALID	RESEARCH_ONLY	TEST-ONLY TRANSCRIPT_TAMPER synthetic fault injection; no proof of real-world adversarial coverage, provenance, identity or native authority
R18-F48	TRANSCRIPT	XOR	83	1	PASS	PASS	289b13facb17900e808db17797ed769be4ddc09c80d206f653da60488c6ca324	INVALID	RESEARCH_ONLY	TEST-ONLY TRANSCRIPT_TAMPER synthetic fault injection; no proof of real-world adversarial coverage, provenance, identity or native authority
R18-F49	TRANSCRIPT	XOR	594	1	PASS	PASS	3dea963bf98e8f1c55b2d5b262fea249926601f32d95a741a5e8eea26b142849	INVALID	RESEARCH_ONLY	TEST-ONLY TRANSCRIPT_TAMPER synthetic fault injection; no proof of real-world adversarial coverage, provenance, identity or native authority
R18-F50	TRANSCRIPT	CUT	0	0	PASS	PASS	e3b0c44298fc1c149afbf4c8996fb92427ae41e4649b934ca495991b7852b855	INVALID	RESEARCH_ONLY	TEST-ONLY TRANSCRIPT_TRUNCATION synthetic fault injection; no proof of real-world adversarial coverage, provenance, identity or native authority
R18-F51	TRANSCRIPT	CUT	10	0	PASS	PASS	3190e0a9896e9c526706ede29b344f1cf32fd85500c43b1a0d98405ab84e0d23	INVALID	RESEARCH_ONLY	TEST-ONLY TRANSCRIPT_TRUNCATION synthetic fault injection; no proof of real-world adversarial coverage, provenance, identity or native authority
R18-F52	TRANSCRIPT	CUT	594	0	PASS	PASS	9442e996f74c8b9c52f6744810759a5b93581529b97e013ac811698e2bbbe0f6	INVALID	RESEARCH_ONLY	TEST-ONLY TRANSCRIPT_TRUNCATION synthetic fault injection; no proof of real-world adversarial coverage, provenance, identity or native authority
R18-F53	TRANSCRIPT	ADD	0	0	PASS	PASS	19eeb4c2d09bdab6483ff5011aebd66214e3bd0c938b01c6089cbc3d2490bf6d	INVALID	RESEARCH_ONLY	TEST-ONLY TRANSCRIPT_EXTENSION synthetic fault injection; no proof of real-world adversarial coverage, provenance, identity or native authority
R18-F54	TRANSCRIPT	ADD	0	255	PASS	PASS	1344f3e1aa08f4a8d67e22fc238daef09c256109dcbcbceacd1663ce2167c2f5	INVALID	RESEARCH_ONLY	TEST-ONLY TRANSCRIPT_EXTENSION synthetic fault injection; no proof of real-world adversarial coverage, provenance, identity or native authority
R18-F55	MANIFEST	XOR	189	1	PASS	REJECT	eea0ed83e04cf284c3c5bf0c17f7344c899003a1a4f7ade1af427d74e7669f54	INVALID	RESEARCH_ONLY	TEST-ONLY METADATA_TAMPER synthetic fault injection; no proof of real-world adversarial coverage, provenance, identity or native authority
R18-F56	MANIFEST	CUT	4548	0	PASS	REJECT	81040b63c2e4df3ec15046c08bc0f8c3548502085485ed1aa7cf0b0e023e9e1e	INVALID	RESEARCH_ONLY	TEST-ONLY METADATA_TRUNCATION synthetic fault injection; no proof of real-world adversarial coverage, provenance, identity or native authority
R18-F57	MANIFEST	ADD	0	255	PASS	REJECT	5ff5cae8698f31db35c9d1420761eab1a8d7d3903733c74255767b805a6d9b4c	INVALID	RESEARCH_ONLY	TEST-ONLY METADATA_EXTENSION synthetic fault injection; no proof of real-world adversarial coverage, provenance, identity or native authority
R18-F58	REGISTRY	XOR	167	1	PASS	PASS	d15b300c0cb59ba382d2fc6d9d78a67fde8e9f4a200fd0ee9ebe430e5cc60aaf	INVALID	RESEARCH_ONLY	TEST-ONLY METADATA_TAMPER synthetic fault injection; no proof of real-world adversarial coverage, provenance, identity or native authority
R18-F59	REGISTRY	CUT	5138	0	PASS	PASS	9e3ff1ea9269c425a741a0fc99f7ab9ab171239de0229b84be25819dc6462a03	INVALID	RESEARCH_ONLY	TEST-ONLY METADATA_TRUNCATION synthetic fault injection; no proof of real-world adversarial coverage, provenance, identity or native authority
R18-F60	REGISTRY	ADD	0	255	PASS	PASS	17f97575bc231b43b4ae8704d01805173b0d04d560fa51cd620154cccc721b58	INVALID	RESEARCH_ONLY	TEST-ONLY METADATA_EXTENSION synthetic fault injection; no proof of real-world adversarial coverage, provenance, identity or native authority
